PROJECTCOD,CertificateNo,Received,Reported,HOLEID,SAMPLEID,SAMPLETYPE,SapSubType,Point_Type,Dsptch_L_D,SmpDspDate,SmpRetDate,Lab_L_D,Labjobno,AnalysisLD,SampWt_g_D,Wtkg,Wtcru_dry_kg,Tot_Weight_CRU,Pass_2mm_pct,Rmnd_2mm_pct,WT_MinusFrac_CRU_g,WT_PlusFrac_CRU_g,Tot_Weight_PUL_g,Pass_75um_pct,Rmnd_75um_pct,WT_MinusFrac_PUL_g,WT_PlusFrac_PUL_g,Ag_ppm,Ag_ppm_GMD,Ag_ppm_LDD,Ag_ppm_UDD,Al_pct,Al_pct_GMD,Al_pct_LDD,Al_pct_UDD,As_ppm,As_ppm_GMD,As_ppm_LDD,As_ppm_UDD,Ba_ppm,Ba_ppm_GMD,Ba_ppm_LDD,Ba_ppm_UDD,Be_ppm,Be_ppm_GMD,Be_ppm_LDD,Be_ppm_UDD,Bi_ppm,Bi_ppm_GMD,Bi_ppm_LDD,Bi_ppm_UDD,Ca_pct,Ca_pct_GMD,Ca_pct_LDD,Ca_pct_UDD,Cd_ppm,Cd_ppm_GMD,Cd_ppm_LDD,Cd_ppm_UDD,Co_ppm,Co_ppm_GMD,Co_ppm_LDD,Co_ppm_UDD,Cr_ppm,Cr_ppm_GMD,Cr_ppm_LDD,Cr_ppm_UDD,Cu_ppm,Cu_ppm_GMD,Cu_ppm_LDD,Cu_ppm_UDD,Fe_pct,Fe_pct_GMD,Fe_pct_LDD,Fe_pct_UDD,K_pct,K_pct_GMD,K_pct_LDD,K_pct_UDD,La_ppm,La_ppm_GMD,La_ppm_LDD,La_ppm_UDD,Li_ppm,Li_ppm_GMD,Li_ppm_LDD,Li_ppm_UDD,Mg_pct,Mg_pct_GMD,Mg_pct_LDD,Mg_pct_UDD,Mn_ppm,Mn_ppm_GMD,Mn_ppm_LDD,Mn_ppm_UDD,Mo_ppm,Mo_ppm_GMD,Mo_ppm_LDD,Mo_ppm_UDD,Na_pct,Na_pct_GMD,Na_pct_LDD,Na_pct_UDD,Ni_ppm,Ni_ppm_GMD,Ni_ppm_LDD,Ni_ppm_UDD,P_pct,P_pct_GMD,P_pct_LDD,P_pct_UDD,Pb_ppm,Pb_ppm_GMD,Pb_ppm_LDD,Pb_ppm_UDD,S_pct,S_pct_GMD,S_pct_LDD,S_pct_UDD,Sb_ppm,Sb_ppm_GMD,Sb_ppm_LDD,Sb_ppm_UDD,Sc_ppm,Sc_ppm_GMD,Sc_ppm_LDD,Sc_ppm_UDD,Sn_ppm,Sn_ppm_GMD,Sn_ppm_LDD,Sn_ppm_UDD,Sr_ppm,Sr_ppm_GMD,Sr_ppm_LDD,Sr_ppm_UDD,Ti_pct,Ti_pct_GMD,Ti_pct_LDD,Ti_pct_UDD,V_ppm,V_ppm_GMD,V_ppm_LDD,V_ppm_UDD,W_ppm,W_ppm_GMD,W_ppm_LDD,W_ppm_UDD,Y_ppm,Y_ppm_GMD,Y_ppm_LDD,Y_ppm_UDD,Zn_ppm,Zn_ppm_GMD,Zn_ppm_LDD,Zn_ppm_UDD,Zr_ppm,Zr_ppm_GMD,Zr_ppm_LDD,Zr_ppm_UDD,Ag_ppm_AAS42S,Ag_ppm_AAS42S_GMD,Ag_ppm_AAS42S_LDD,Ag_ppm_AAS42S_UDD,Cu_pct,Cu_pct_GMD,Cu_pct_LDD,Cu_pct_UDD,SampleID_orig,Wtkg_KG[WGH10],Wtcru_dry_kg_KG[CRU24],Tot. Weight_G[CRU-QA/QC],Pass 2mm_%[CRU-QA/QC],Rmnd 2mm_%[CRU-QA/QC],WT. - Frac Entire_G[CRU-QA/QC],WT. + Frac Entire_G[CRU-QA/QC],Tot. Weight_G[PUL-QA/QC],Pass 75um_%[PUL-QA/QC],Rmnd 75um_%[PUL-QA/QC],WT. - Frac Entire_G[PUL-QA/QC],WT. + Frac Entire_G[PUL-QA/QC],Ag_ppm[ICP40B|LDL:2|UDL:10],Al_pct[ICP40B|LDL:0.01|UDL:15],As_ppm[ICP40B|LDL:3|UDL:10000],Ba_ppm[ICP40B|LDL:1|UDL:10000],Be_ppm[ICP40B|LDL:0.5|UDL:2500],Bi_ppm[ICP40B|LDL:5|UDL:10000],Ca_pct[ICP40B|LDL:0.01|UDL:15],Cd_ppm[ICP40B|LDL:1|UDL:10000],Co_ppm[ICP40B|LDL:1|UDL:10000],Cr_ppm[ICP40B|LDL:1|UDL:10000],Cu_ppm[ICP40B|LDL:0.5|UDL:10000],Fe_pct[ICP40B|LDL:0.01|UDL:15],K_pct[ICP40B|LDL:0.01|UDL:15],La_ppm[ICP40B|LDL:0.5|UDL:10000],Li_ppm[ICP40B|LDL:1|UDL:10000],Mg_pct[ICP40B|LDL:0.01|UDL:15],Mn_ppm[ICP40B|LDL:2|UDL:10000],Mo_ppm[ICP40B|LDL:1|UDL:10000],Na_pct[ICP40B|LDL:0.01|UDL:15],Ni_ppm[ICP40B|LDL:1|UDL:10000],P_pct[ICP40B|LDL:0.01|UDL:15],Pb_ppm[ICP40B|LDL:2|UDL:10000],S_pct[ICP40B|LDL:0.01|UDL:5],Sb_ppm[ICP40B|LDL:5|UDL:10000],Sc_ppm[ICP40B|LDL:0.5|UDL:10000],Sn_ppm[ICP40B|LDL:10|UDL:10000],Sr_ppm[ICP40B|LDL:0.5|UDL:5000],Ti_pct[ICP40B|LDL:0.01|UDL:15],V_ppm[ICP40B|LDL:2|UDL:10000],W_ppm[ICP40B|LDL:10|UDL:10000],Y_ppm[ICP40B|LDL:0.5|UDL:10000],Zn_ppm[ICP40B|LDL:1|UDL:10000],Zr_ppm[ICP40B|LDL:0.5|UDL:10000],Ag_ppm[AAS42S|LDL:5|UDL:500],Cu_pct[AAS42S|LDL:0.001|UDL:50]
Tannenberg,TR2600302,10-Feb-26,23-Feb-26,,PAL02296,Core,Drill Core,Drillhole,TR2600302     67              376,10-Feb-26,23-Feb-26,TR2600302,TR2600302     67              376,,1.12,1.12,1.12,,,,,,,,,,,<2,ICP40B,2,10,9.07,ICP40B,0.01,15,40,ICP40B,3,10000,431,ICP40B,1,10000,3.7,ICP40B,0.5,2500,<5,ICP40B,5,10000,2.10,ICP40B,0.01,15,<1,ICP40B,1,10000,19,ICP40B,1,10000,66,ICP40B,1,10000,56.1,ICP40B,0.5,10000,4.85,ICP40B,0.01,15,3.90,ICP40B,0.01,15,35.5,ICP40B,0.5,10000,134,ICP40B,1,10000,4.36,ICP40B,0.01,15,432,ICP40B,2,10000,2,ICP40B,1,10000,0.16,ICP40B,0.01,15,49,ICP40B,1,10000,0.09,ICP40B,0.01,15,50,ICP40B,2,10000,0.05,ICP40B,0.01,5,12,ICP40B,5,10000,14.5,ICP40B,0.5,10000,<10,ICP40B,10,10000,157,ICP40B,0.5,5000,0.40,ICP40B,0.01,15,118,ICP40B,2,10000,<10,ICP40B,10,10000,19.0,ICP40B,0.5,10000,96,ICP40B,1,10000,96.4,ICP40B,0.5,10000,,AAS42S,5,500,,AAS42S,0.001,50,PAL02296,1.12,1.12,-,-,-,-,-,-,-,-,-,-,<2,9.07,40,431,3.7,<5,2.10,<1,19,66,56.1,4.85,3.90,35.5,134,4.36,432,2,0.16,49,0.09,50,0.05,12,14.5,<10,157,0.40,118,<10,19.0,96,96.4,-,-
Tannenberg,TR2600302,10-Feb-26,23-Feb-26,,PAL02297,Core,Drill Core,Drillhole,TR2600302     67              376,10-Feb-26,23-Feb-26,TR2600302,TR2600302     67              376,,1.52,1.52,1.52,,,,,,,,,,,<2,ICP40B,2,10,0.54,ICP40B,0.01,15,<3,ICP40B,3,10000,18,ICP40B,1,10000,<0.5,ICP40B,0.5,2500,<5,ICP40B,5,10000,>15,ICP40B,0.01,15,<1,ICP40B,1,10000,<1,ICP40B,1,10000,1,ICP40B,1,10000,1.5,ICP40B,0.5,10000,0.42,ICP40B,0.01,15,0.17,ICP40B,0.01,15,3.3,ICP40B,0.5,10000,4,ICP40B,1,10000,10.9,ICP40B,0.01,15,554,ICP40B,2,10000,<1,ICP40B,1,10000,0.03,ICP40B,0.01,15,<1,ICP40B,1,10000,<0.01,ICP40B,0.01,15,3,ICP40B,2,10000,0.03,ICP40B,0.01,5,<5,ICP40B,5,10000,0.5,ICP40B,0.5,10000,<10,ICP40B,10,10000,26.6,ICP40B,0.5,5000,0.01,ICP40B,0.01,15,<2,ICP40B,2,10000,<10,ICP40B,10,10000,3.3,ICP40B,0.5,10000,24,ICP40B,1,10000,9.7,ICP40B,0.5,10000,,AAS42S,5,500,,AAS42S,0.001,50,PAL02297,1.52,1.52,-,-,-,-,-,-,-,-,-,-,<2,0.54,<3,18,<0.5,<5,>15,<1,<1,1,1.5,0.42,0.17,3.3,4,10.9,554,<1,0.03,<1,<0.01,3,0.03,<5,0.5,<10,26.6,0.01,<2,<10,3.3,24,9.7,-,-
Tannenberg,TR2600302,10-Feb-26,23-Feb-26,,PAL02298,Core,Drill Core,Drillhole,TR2600302     67              376,10-Feb-26,23-Feb-26,TR2600302,TR2600302     67              376,,1.26,1.26,1.26,,,,,,,,,,,<2,ICP40B,2,10,9.46,ICP40B,0.01,15,35,ICP40B,3,10000,470,ICP40B,1,10000,3.7,ICP40B,0.5,2500,<5,ICP40B,5,10000,2.35,ICP40B,0.01,15,<1,ICP40B,1,10000,16,ICP40B,1,10000,68,ICP40B,1,10000,19.5,ICP40B,0.5,10000,5.01,ICP40B,0.01,15,3.56,ICP40B,0.01,15,34.7,ICP40B,0.5,10000,141,ICP40B,1,10000,4.63,ICP40B,0.01,15,333,ICP40B,2,10000,2,ICP40B,1,10000,0.14,ICP40B,0.01,15,45,ICP40B,1,10000,0.09,ICP40B,0.01,15,22,ICP40B,2,10000,0.05,ICP40B,0.01,5,12,ICP40B,5,10000,14.8,ICP40B,0.5,10000,<10,ICP40B,10,10000,135,ICP40B,0.5,5000,0.37,ICP40B,0.01,15,112,ICP40B,2,10000,<10,ICP40B,10,10000,19.0,ICP40B,0.5,10000,70,ICP40B,1,10000,83.0,ICP40B,0.5,10000,,AAS42S,5,500,,AAS42S,0.001,50,PAL02298,1.26,1.26,-,-,-,-,-,-,-,-,-,-,<2,9.46,35,470,3.7,<5,2.35,<1,16,68,19.5,5.01,3.56,34.7,141,4.63,333,2,0.14,45,0.09,22,0.05,12,14.8,<10,135,0.37,112,<10,19.0,70,83.0,-,-
Tannenberg,TR2600302,10-Feb-26,23-Feb-26,,PAL02299,Core,Drill Core,Drillhole,TR2600302     67              376,10-Feb-26,23-Feb-26,TR2600302,TR2600302     67              376,,1.27,1.27,1.27,,,,,,,,,,,<2,ICP40B,2,10,8.39,ICP40B,0.01,15,34,ICP40B,3,10000,391,ICP40B,1,10000,3.2,ICP40B,0.5,2500,<5,ICP40B,5,10000,4.71,ICP40B,0.01,15,<1,ICP40B,1,10000,16,ICP40B,1,10000,59,ICP40B,1,10000,48.9,ICP40B,0.5,10000,4.64,ICP40B,0.01,15,3.10,ICP40B,0.01,15,35.1,ICP40B,0.5,10000,124,ICP40B,1,10000,4.54,ICP40B,0.01,15,616,ICP40B,2,10000,2,ICP40B,1,10000,0.12,ICP40B,0.01,15,44,ICP40B,1,10000,0.08,ICP40B,0.01,15,167,ICP40B,2,10000,0.05,ICP40B,0.01,5,11,ICP40B,5,10000,13.5,ICP40B,0.5,10000,<10,ICP40B,10,10000,147,ICP40B,0.5,5000,0.33,ICP40B,0.01,15,101,ICP40B,2,10000,12,ICP40B,10,10000,19.7,ICP40B,0.5,10000,92,ICP40B,1,10000,82.0,ICP40B,0.5,10000,,AAS42S,5,500,,AAS42S,0.001,50,PAL02299,1.27,1.27,-,-,-,-,-,-,-,-,-,-,<2,8.39,34,391,3.2,<5,4.71,<1,16,59,48.9,4.64,3.10,35.1,124,4.54,616,2,0.12,44,0.08,167,0.05,11,13.5,<10,147,0.33,101,12,19.7,92,82.0,-,-
Tannenberg,TR2600302,10-Feb-26,23-Feb-26,,PAL02300,Core,Drill Core,Drillhole,TR2600302     67              376,10-Feb-26,23-Feb-26,TR2600302,TR2600302     67              376,,0.86,0.86,0.86,,,,,,,,,,,<2,ICP40B,2,10,8.42,ICP40B,0.01,15,36,ICP40B,3,10000,402,ICP40B,1,10000,3.1,ICP40B,0.5,2500,<5,ICP40B,5,10000,3.20,ICP40B,0.01,15,<1,ICP40B,1,10000,16,ICP40B,1,10000,63,ICP40B,1,10000,52.4,ICP40B,0.5,10000,4.30,ICP40B,0.01,15,3.28,ICP40B,0.01,15,34.5,ICP40B,0.5,10000,126,ICP40B,1,10000,4.04,ICP40B,0.01,15,482,ICP40B,2,10000,2,ICP40B,1,10000,0.14,ICP40B,0.01,15,46,ICP40B,1,10000,0.08,ICP40B,0.01,15,80,ICP40B,2,10000,0.06,ICP40B,0.01,5,10,ICP40B,5,10000,13.9,ICP40B,0.5,10000,<10,ICP40B,10,10000,139,ICP40B,0.5,5000,0.33,ICP40B,0.01,15,105,ICP40B,2,10000,<10,ICP40B,10,10000,18.1,ICP40B,0.5,10000,106,ICP40B,1,10000,81.7,ICP40B,0.5,10000,,AAS42S,5,500,,AAS42S,0.001,50,PAL02300,0.86,0.86,-,-,-,-,-,-,-,-,-,-,<2,8.42,36,402,3.1,<5,3.20,<1,16,63,52.4,4.30,3.28,34.5,126,4.04,482,2,0.14,46,0.08,80,0.06,10,13.9,<10,139,0.33,105,<10,18.1,106,81.7,-,-
Tannenberg,TR2600302,10-Feb-26,23-Feb-26,,*DUP-PAL02300,Core,Drill Core,Drillhole,TR2600302     67              376,10-Feb-26,23-Feb-26,TR2600302,TR2600302     67              376,,0.00,0.00,0.00,,,,,,,,,,,<2,ICP40B,2,10,8.50,ICP40B,0.01,15,37,ICP40B,3,10000,405,ICP40B,1,10000,3.4,ICP40B,0.5,2500,<5,ICP40B,5,10000,3.41,ICP40B,0.01,15,<1,ICP40B,1,10000,17,ICP40B,1,10000,63,ICP40B,1,10000,54.4,ICP40B,0.5,10000,4.59,ICP40B,0.01,15,3.52,ICP40B,0.01,15,35.0,ICP40B,0.5,10000,127,ICP40B,1,10000,4.19,ICP40B,0.01,15,485,ICP40B,2,10000,2,ICP40B,1,10000,0.14,ICP40B,0.01,15,46,ICP40B,1,10000,0.08,ICP40B,0.01,15,80,ICP40B,2,10000,0.05,ICP40B,0.01,5,10,ICP40B,5,10000,14.0,ICP40B,0.5,10000,<10,ICP40B,10,10000,142,ICP40B,0.5,5000,0.36,ICP40B,0.01,15,106,ICP40B,2,10000,<10,ICP40B,10,10000,18.8,ICP40B,0.5,10000,104,ICP40B,1,10000,86.6,ICP40B,0.5,10000,,AAS42S,5,500,,AAS42S,0.001,50,*DUP-PAL02300,0.00,0.00,-,-,-,-,-,-,-,-,-,-,<2,8.50,37,405,3.4,<5,3.41,<1,17,63,54.4,4.59,3.52,35.0,127,4.19,485,2,0.14,46,0.08,80,0.05,10,14.0,<10,142,0.36,106,<10,18.8,104,86.6,-,-
Tannenberg,TR2600302,10-Feb-26,23-Feb-26,,PAL02301,Core,Drill Core,Drillhole,TR2600302     67              376,10-Feb-26,23-Feb-26,TR2600302,TR2600302     67              376,,1.21,1.21,1.21,,,,,,,,,,,<2,ICP40B,2,10,8.86,ICP40B,0.01,15,37,ICP40B,3,10000,439,ICP40B,1,10000,3.3,ICP40B,0.5,2500,<5,ICP40B,5,10000,4.20,ICP40B,0.01,15,<1,ICP40B,1,10000,16,ICP40B,1,10000,58,ICP40B,1,10000,47.5,ICP40B,0.5,10000,4.31,ICP40B,0.01,15,3.44,ICP40B,0.01,15,35.9,ICP40B,0.5,10000,127,ICP40B,1,10000,4.09,ICP40B,0.01,15,558,ICP40B,2,10000,2,ICP40B,1,10000,0.14,ICP40B,0.01,15,46,ICP40B,1,10000,0.09,ICP40B,0.01,15,54,ICP40B,2,10000,0.06,ICP40B,0.01,5,11,ICP40B,5,10000,14.8,ICP40B,0.5,10000,<10,ICP40B,10,10000,154,ICP40B,0.5,5000,0.35,ICP40B,0.01,15,107,ICP40B,2,10000,<10,ICP40B,10,10000,19.5,ICP40B,0.5,10000,80,ICP40B,1,10000,84.6,ICP40B,0.5,10000,,AAS42S,5,500,,AAS42S,0.001,50,PAL02301,1.21,1.21,-,-,-,-,-,-,-,-,-,-,<2,8.86,37,439,3.3,<5,4.20,<1,16,58,47.5,4.31,3.44,35.9,127,4.09,558,2,0.14,46,0.09,54,0.06,11,14.8,<10,154,0.35,107,<10,19.5,80,84.6,-,-
Tannenberg,TR2600302,10-Feb-26,23-Feb-26,,PAL02302,Core,Drill Core,Drillhole,TR2600302     67              376,10-Feb-26,23-Feb-26,TR2600302,TR2600302     67              376,,0.95,0.95,0.95,500.0,78.60,21.40,393.0,107.0,20.0,88.00,12.00,17.6,2.4,<2,ICP40B,2,10,7.99,ICP40B,0.01,15,20,ICP40B,3,10000,372,ICP40B,1,10000,3.2,ICP40B,0.5,2500,<5,ICP40B,5,10000,6.94,ICP40B,0.01,15,<1,ICP40B,1,10000,14,ICP40B,1,10000,50,ICP40B,1,10000,7.6,ICP40B,0.5,10000,3.19,ICP40B,0.01,15,3.52,ICP40B,0.01,15,27.0,ICP40B,0.5,10000,144,ICP40B,1,10000,1.20,ICP40B,0.01,15,164,ICP40B,2,10000,2,ICP40B,1,10000,0.12,ICP40B,0.01,15,35,ICP40B,1,10000,0.09,ICP40B,0.01,15,10,ICP40B,2,10000,0.08,ICP40B,0.01,5,8,ICP40B,5,10000,13.7,ICP40B,0.5,10000,<10,ICP40B,10,10000,546,ICP40B,0.5,5000,0.33,ICP40B,0.01,15,103,ICP40B,2,10000,<10,ICP40B,10,10000,14.9,ICP40B,0.5,10000,49,ICP40B,1,10000,71.9,ICP40B,0.5,10000,,AAS42S,5,500,,AAS42S,0.001,50,PAL02302,0.95,0.95,500.0,78.60,21.40,393.0,107.0,20.0,88.00,12.00,17.6,2.4,<2,7.99,20,372,3.2,<5,6.94,<1,14,50,7.6,3.19,3.52,27.0,144,1.20,164,2,0.12,35,0.09,10,0.08,8,13.7,<10,546,0.33,103,<10,14.9,49,71.9,-,-
Tannenberg,TR2600302,10-Feb-26,23-Feb-26,,PAL02303,Core,Drill Core,Drillhole,TR2600302     67              376,10-Feb-26,23-Feb-26,TR2600302,TR2600302     67              376,,1.15,1.15,1.15,,,,,,,,,,,<2,ICP40B,2,10,3.55,ICP40B,0.01,15,14,ICP40B,3,10000,172,ICP40B,1,10000,1.3,ICP40B,0.5,2500,<5,ICP40B,5,10000,>15,ICP40B,0.01,15,<1,ICP40B,1,10000,7,ICP40B,1,10000,27,ICP40B,1,10000,23.2,ICP40B,0.5,10000,2.08,ICP40B,0.01,15,1.44,ICP40B,0.01,15,15.0,ICP40B,0.5,10000,66,ICP40B,1,10000,2.39,ICP40B,0.01,15,465,ICP40B,2,10000,2,ICP40B,1,10000,0.07,ICP40B,0.01,15,17,ICP40B,1,10000,0.04,ICP40B,0.01,15,112,ICP40B,2,10000,0.11,ICP40B,0.01,5,<5,ICP40B,5,10000,6.2,ICP40B,0.5,10000,<10,ICP40B,10,10000,215,ICP40B,0.5,5000,0.14,ICP40B,0.01,15,43,ICP40B,2,10000,<10,ICP40B,10,10000,9.8,ICP40B,0.5,10000,50,ICP40B,1,10000,34.4,ICP40B,0.5,10000,,AAS42S,5,500,,AAS42S,0.001,50,PAL02303,1.15,1.15,-,-,-,-,-,-,-,-,-,-,<2,3.55,14,172,1.3,<5,>15,<1,7,27,23.2,2.08,1.44,15.0,66,2.39,465,2,0.07,17,0.04,112,0.11,<5,6.2,<10,215,0.14,43,<10,9.8,50,34.4,-,-
Tannenberg,TR2600302,10-Feb-26,23-Feb-26,,PAL02304,Core,Drill Core,Drillhole,TR2600302     67              376,10-Feb-26,23-Feb-26,TR2600302,TR2600302     67              376,,1.52,1.52,1.52,,,,,,,,,,,<2,ICP40B,2,10,3.33,ICP40B,0.01,15,15,ICP40B,3,10000,161,ICP40B,1,10000,1.2,ICP40B,0.5,2500,<5,ICP40B,5,10000,>15,ICP40B,0.01,15,<1,ICP40B,1,10000,7,ICP40B,1,10000,24,ICP40B,1,10000,39.6,ICP40B,0.5,10000,1.91,ICP40B,0.01,15,1.35,ICP40B,0.01,15,14.4,ICP40B,0.5,10000,62,ICP40B,1,10000,2.43,ICP40B,0.01,15,450,ICP40B,2,10000,2,ICP40B,1,10000,0.08,ICP40B,0.01,15,16,ICP40B,1,10000,0.04,ICP40B,0.01,15,246,ICP40B,2,10000,0.11,ICP40B,0.01,5,<5,ICP40B,5,10000,5.9,ICP40B,0.5,10000,<10,ICP40B,10,10000,213,ICP40B,0.5,5000,0.13,ICP40B,0.01,15,39,ICP40B,2,10000,<10,ICP40B,10,10000,9.3,ICP40B,0.5,10000,113,ICP40B,1,10000,31.6,ICP40B,0.5,10000,,AAS42S,5,500,,AAS42S,0.001,50,PAL02304,1.52,1.52,-,-,-,-,-,-,-,-,-,-,<2,3.33,15,161,1.2,<5,>15,<1,7,24,39.6,1.91,1.35,14.4,62,2.43,450,2,0.08,16,0.04,246,0.11,<5,5.9,<10,213,0.13,39,<10,9.3,113,31.6,-,-
Tannenberg,TR2600302,10-Feb-26,23-Feb-26,,PAL02305,Core,Drill Core,Drillhole,TR2600302     67              376,10-Feb-26,23-Feb-26,TR2600302,TR2600302     67              376,,1.25,1.25,1.25,,,,,,,,,,,<2,ICP40B,2,10,2.14,ICP40B,0.01,15,60,ICP40B,3,10000,208,ICP40B,1,10000,0.8,ICP40B,0.5,2500,<5,ICP40B,5,10000,>15,ICP40B,0.01,15,<1,ICP40B,1,10000,5,ICP40B,1,10000,18,ICP40B,1,10000,15.8,ICP40B,0.5,10000,1.64,ICP40B,0.01,15,0.91,ICP40B,0.01,15,9.1,ICP40B,0.5,10000,35,ICP40B,1,10000,6.96,ICP40B,0.01,15,336,ICP40B,2,10000,3,ICP40B,1,10000,0.06,ICP40B,0.01,15,13,ICP40B,1,10000,0.03,ICP40B,0.01,15,93,ICP40B,2,10000,0.13,ICP40B,0.01,5,<5,ICP40B,5,10000,3.8,ICP40B,0.5,10000,<10,ICP40B,10,10000,171,ICP40B,0.5,5000,0.09,ICP40B,0.01,15,27,ICP40B,2,10000,<10,ICP40B,10,10000,6.3,ICP40B,0.5,10000,43,ICP40B,1,10000,21.8,ICP40B,0.5,10000,,AAS42S,5,500,,AAS42S,0.001,50,PAL02305,1.25,1.25,-,-,-,-,-,-,-,-,-,-,<2,2.14,60,208,0.8,<5,>15,<1,5,18,15.8,1.64,0.91,9.1,35,6.96,336,3,0.06,13,0.03,93,0.13,<5,3.8,<10,171,0.09,27,<10,6.3,43,21.8,-,-
Tannenberg,TR2600302,10-Feb-26,23-Feb-26,,PAL02306,Core,Drill Core,Drillhole,TR2600302     67              376,10-Feb-26,23-Feb-26,TR2600302,TR2600302     67              376,,0.90,0.90,0.90,,,,,,,,,,,<2,ICP40B,2,10,1.46,ICP40B,0.01,15,8,ICP40B,3,10000,93,ICP40B,1,10000,0.5,ICP40B,0.5,2500,<5,ICP40B,5,10000,>15,ICP40B,0.01,15,<1,ICP40B,1,10000,3,ICP40B,1,10000,16,ICP40B,1,10000,15.2,ICP40B,0.5,10000,1.06,ICP40B,0.01,15,0.60,ICP40B,0.01,15,6.6,ICP40B,0.5,10000,24,ICP40B,1,10000,9.43,ICP40B,0.01,15,361,ICP40B,2,10000,1,ICP40B,1,10000,0.04,ICP40B,0.01,15,8,ICP40B,1,10000,0.02,ICP40B,0.01,15,82,ICP40B,2,10000,0.05,ICP40B,0.01,5,<5,ICP40B,5,10000,2.4,ICP40B,0.5,10000,<10,ICP40B,10,10000,105,ICP40B,0.5,5000,0.06,ICP40B,0.01,15,18,ICP40B,2,10000,<10,ICP40B,10,10000,3.9,ICP40B,0.5,10000,40,ICP40B,1,10000,14.6,ICP40B,0.5,10000,,AAS42S,5,500,,AAS42S,0.001,50,PAL02306,0.90,0.90,-,-,-,-,-,-,-,-,-,-,<2,1.46,8,93,0.5,<5,>15,<1,3,16,15.2,1.06,0.60,6.6,24,9.43,361,1,0.04,8,0.02,82,0.05,<5,2.4,<10,105,0.06,18,<10,3.9,40,14.6,-,-
Tannenberg,TR2600302,10-Feb-26,23-Feb-26,,PAL02307,Core,Drill Core,Drillhole,TR2600302     67              376,10-Feb-26,23-Feb-26,TR2600302,TR2600302     67              376,,0.00,0.00,0.00,,,,,,,,,,,<2,ICP40B,2,10,1.57,ICP40B,0.01,15,8,ICP40B,3,10000,93,ICP40B,1,10000,0.5,ICP40B,0.5,2500,<5,ICP40B,5,10000,>15,ICP40B,0.01,15,<1,ICP40B,1,10000,3,ICP40B,1,10000,16,ICP40B,1,10000,14.6,ICP40B,0.5,10000,1.22,ICP40B,0.01,15,0.65,ICP40B,0.01,15,6.5,ICP40B,0.5,10000,26,ICP40B,1,10000,9.93,ICP40B,0.01,15,394,ICP40B,2,10000,1,ICP40B,1,10000,0.05,ICP40B,0.01,15,8,ICP40B,1,10000,0.02,ICP40B,0.01,15,84,ICP40B,2,10000,0.05,ICP40B,0.01,5,<5,ICP40B,5,10000,2.5,ICP40B,0.5,10000,<10,ICP40B,10,10000,115,ICP40B,0.5,5000,0.06,ICP40B,0.01,15,20,ICP40B,2,10000,<10,ICP40B,10,10000,3.3,ICP40B,0.5,10000,42,ICP40B,1,10000,15.0,ICP40B,0.5,10000,,AAS42S,5,500,,AAS42S,0.001,50,PAL02307,0.00,0.00,-,-,-,-,-,-,-,-,-,-,<2,1.57,8,93,0.5,<5,>15,<1,3,16,14.6,1.22,0.65,6.5,26,9.93,394,1,0.05,8,0.02,84,0.05,<5,2.5,<10,115,0.06,20,<10,3.3,42,15.0,-,-
Tannenberg,TR2600302,10-Feb-26,23-Feb-26,,PAL02308,Core,Drill Core,Drillhole,TR2600302     67              376,10-Feb-26,23-Feb-26,TR2600302,TR2600302     67              376,,1.28,1.28,1.28,,,,,,,,,,,<2,ICP40B,2,10,0.28,ICP40B,0.01,15,<3,ICP40B,3,10000,26,ICP40B,1,10000,<0.5,ICP40B,0.5,2500,<5,ICP40B,5,10000,>15,ICP40B,0.01,15,<1,ICP40B,1,10000,<1,ICP40B,1,10000,1,ICP40B,1,10000,1.8,ICP40B,0.5,10000,0.09,ICP40B,0.01,15,0.03,ICP40B,0.01,15,3.6,ICP40B,0.5,10000,2,ICP40B,1,10000,3.11,ICP40B,0.01,15,168,ICP40B,2,10000,<1,ICP40B,1,10000,0.03,ICP40B,0.01,15,<1,ICP40B,1,10000,<0.01,ICP40B,0.01,15,3,ICP40B,2,10000,0.07,ICP40B,0.01,5,<5,ICP40B,5,10000,<0.5,ICP40B,0.5,10000,<10,ICP40B,10,10000,98.3,ICP40B,0.5,5000,<0.01,ICP40B,0.01,15,<2,ICP40B,2,10000,<10,ICP40B,10,10000,2.0,ICP40B,0.5,10000,10,ICP40B,1,10000,1.3,ICP40B,0.5,10000,,AAS42S,5,500,,AAS42S,0.001,50,PAL02308,1.28,1.28,-,-,-,-,-,-,-,-,-,-,<2,0.28,<3,26,<0.5,<5,>15,<1,<1,1,1.8,0.09,0.03,3.6,2,3.11,168,<1,0.03,<1,<0.01,3,0.07,<5,<0.5,<10,98.3,<0.01,<2,<10,2.0,10,1.3,-,-
Tannenberg,TR2600302,10-Feb-26,23-Feb-26,,PAL02309,Core,Drill Core,Drillhole,TR2600302     67              376,10-Feb-26,23-Feb-26,TR2600302,TR2600302     67              376,,3.13,3.13,3.13,,,,,,,,,,,<2,ICP40B,2,10,0.18,ICP40B,0.01,15,5,ICP40B,3,10000,28,ICP40B,1,10000,<0.5,ICP40B,0.5,2500,<5,ICP40B,5,10000,>15,ICP40B,0.01,15,<1,ICP40B,1,10000,<1,ICP40B,1,10000,2,ICP40B,1,10000,1.6,ICP40B,0.5,10000,0.33,ICP40B,0.01,15,0.09,ICP40B,0.01,15,1.8,ICP40B,0.5,10000,4,ICP40B,1,10000,6.26,ICP40B,0.01,15,205,ICP40B,2,10000,2,ICP40B,1,10000,0.02,ICP40B,0.01,15,2,ICP40B,1,10000,<0.01,ICP40B,0.01,15,6,ICP40B,2,10000,>5,ICP40B,0.01,5,<5,ICP40B,5,10000,<0.5,ICP40B,0.5,10000,<10,ICP40B,10,10000,822,ICP40B,0.5,5000,<0.01,ICP40B,0.01,15,3,ICP40B,2,10000,<10,ICP40B,10,10000,0.9,ICP40B,0.5,10000,6,ICP40B,1,10000,2.3,ICP40B,0.5,10000,,AAS42S,5,500,,AAS42S,0.001,50,PAL02309,3.13,3.13,-,-,-,-,-,-,-,-,-,-,<2,0.18,5,28,<0.5,<5,>15,<1,<1,2,1.6,0.33,0.09,1.8,4,6.26,205,2,0.02,2,<0.01,6,>5,<5,<0.5,<10,822,<0.01,3,<10,0.9,6,2.3,-,-
Tannenberg,TR2600302,10-Feb-26,23-Feb-26,,PAL02310,Core,Drill Core,Drillhole,TR2600302     67              376,10-Feb-26,23-Feb-26,TR2600302,TR2600302     67              376,,2.44,2.44,2.44,,,,,,,,,,,<2,ICP40B,2,10,1.68,ICP40B,0.01,15,12,ICP40B,3,10000,64,ICP40B,1,10000,0.5,ICP40B,0.5,2500,<5,ICP40B,5,10000,>15,ICP40B,0.01,15,<1,ICP40B,1,10000,5,ICP40B,1,10000,9,ICP40B,1,10000,6.5,ICP40B,0.5,10000,0.62,ICP40B,0.01,15,0.86,ICP40B,0.01,15,6.8,ICP40B,0.5,10000,30,ICP40B,1,10000,0.80,ICP40B,0.01,15,64,ICP40B,2,10000,1,ICP40B,1,10000,0.05,ICP40B,0.01,15,10,ICP40B,1,10000,0.01,ICP40B,0.01,15,20,ICP40B,2,10000,>5,ICP40B,0.01,5,<5,ICP40B,5,10000,2.4,ICP40B,0.5,10000,<10,ICP40B,10,10000,1340,ICP40B,0.5,5000,0.06,ICP40B,0.01,15,18,ICP40B,2,10000,<10,ICP40B,10,10000,3.4,ICP40B,0.5,10000,14,ICP40B,1,10000,17.9,ICP40B,0.5,10000,,AAS42S,5,500,,AAS42S,0.001,50,PAL02310,2.44,2.44,-,-,-,-,-,-,-,-,-,-,<2,1.68,12,64,0.5,<5,>15,<1,5,9,6.5,0.62,0.86,6.8,30,0.80,64,1,0.05,10,0.01,20,>5,<5,2.4,<10,1340,0.06,18,<10,3.4,14,17.9,-,-
Tannenberg,TR2600302,10-Feb-26,23-Feb-26,,PAL02311,Core,Drill Core,Drillhole,TR2600302     67              376,10-Feb-26,23-Feb-26,TR2600302,TR2600302     67              376,,2.93,2.93,2.93,,,,,,,,,,,<2,ICP40B,2,10,0.45,ICP40B,0.01,15,11,ICP40B,3,10000,20,ICP40B,1,10000,<0.5,ICP40B,0.5,2500,<5,ICP40B,5,10000,>15,ICP40B,0.01,15,<1,ICP40B,1,10000,3,ICP40B,1,10000,3,ICP40B,1,10000,7.3,ICP40B,0.5,10000,0.24,ICP40B,0.01,15,0.25,ICP40B,0.01,15,2.4,ICP40B,0.5,10000,7,ICP40B,1,10000,0.34,ICP40B,0.01,15,48,ICP40B,2,10000,<1,ICP40B,1,10000,0.02,ICP40B,0.01,15,4,ICP40B,1,10000,<0.01,ICP40B,0.01,15,<2,ICP40B,2,10000,>5,ICP40B,0.01,5,<5,ICP40B,5,10000,0.7,ICP40B,0.5,10000,<10,ICP40B,10,10000,995,ICP40B,0.5,5000,0.02,ICP40B,0.01,15,6,ICP40B,2,10000,<10,ICP40B,10,10000,1.1,ICP40B,0.5,10000,13,ICP40B,1,10000,3.7,ICP40B,0.5,10000,,AAS42S,5,500,,AAS42S,0.001,50,PAL02311,2.93,2.93,-,-,-,-,-,-,-,-,-,-,<2,0.45,11,20,<0.5,<5,>15,<1,3,3,7.3,0.24,0.25,2.4,7,0.34,48,<1,0.02,4,<0.01,<2,>5,<5,0.7,<10,995,0.02,6,<10,1.1,13,3.7,-,-
Tannenberg,TR2600302,10-Feb-26,23-Feb-26,,PAL02312,Core,Drill Core,Drillhole,TR2600302     67              376,10-Feb-26,23-Feb-26,TR2600302,TR2600302     67              376,,1.29,1.29,1.29,,,,,,,,,,,<2,ICP40B,2,10,8.76,ICP40B,0.01,15,22,ICP40B,3,10000,508,ICP40B,1,10000,3.8,ICP40B,0.5,2500,<5,ICP40B,5,10000,2.82,ICP40B,0.01,15,<1,ICP40B,1,10000,14,ICP40B,1,10000,69,ICP40B,1,10000,7.7,ICP40B,0.5,10000,4.75,ICP40B,0.01,15,4.50,ICP40B,0.01,15,31.5,ICP40B,0.5,10000,83,ICP40B,1,10000,1.77,ICP40B,0.01,15,259,ICP40B,2,10000,<1,ICP40B,1,10000,0.25,ICP40B,0.01,15,54,ICP40B,1,10000,0.07,ICP40B,0.01,15,8,ICP40B,2,10000,1.55,ICP40B,0.01,5,9,ICP40B,5,10000,14.7,ICP40B,0.5,10000,<10,ICP40B,10,10000,2090,ICP40B,0.5,5000,0.36,ICP40B,0.01,15,108,ICP40B,2,10000,<10,ICP40B,10,10000,17.7,ICP40B,0.5,10000,65,ICP40B,1,10000,76.9,ICP40B,0.5,10000,,AAS42S,5,500,,AAS42S,0.001,50,PAL02312,1.29,1.29,-,-,-,-,-,-,-,-,-,-,<2,8.76,22,508,3.8,<5,2.82,<1,14,69,7.7,4.75,4.50,31.5,83,1.77,259,<1,0.25,54,0.07,8,1.55,9,14.7,<10,2090,0.36,108,<10,17.7,65,76.9,-,-
Tannenberg,TR2600302,10-Feb-26,23-Feb-26,,PAL02313,Core,Drill Core,Drillhole,TR2600302     67              376,10-Feb-26,23-Feb-26,TR2600302,TR2600302     67              376,,7.55,7.55,7.55,,,,,,,,,,,<2,ICP40B,2,10,0.04,ICP40B,0.01,15,<3,ICP40B,3,10000,24,ICP40B,1,10000,<0.5,ICP40B,0.5,2500,<5,ICP40B,5,10000,>15,ICP40B,0.01,15,<1,ICP40B,1,10000,<1,ICP40B,1,10000,<1,ICP40B,1,10000,1.4,ICP40B,0.5,10000,0.01,ICP40B,0.01,15,0.02,ICP40B,0.01,15,0.6,ICP40B,0.5,10000,18,ICP40B,1,10000,0.30,ICP40B,0.01,15,7,ICP40B,2,10000,<1,ICP40B,1,10000,0.03,ICP40B,0.01,15,<1,ICP40B,1,10000,<0.01,ICP40B,0.01,15,<2,ICP40B,2,10000,>5,ICP40B,0.01,5,<5,ICP40B,5,10000,<0.5,ICP40B,0.5,10000,<10,ICP40B,10,10000,3198,ICP40B,0.5,5000,<0.01,ICP40B,0.01,15,<2,ICP40B,2,10000,<10,ICP40B,10,10000,<0.5,ICP40B,0.5,10000,3,ICP40B,1,10000,<0.5,ICP40B,0.5,10000,,AAS42S,5,500,,AAS42S,0.001,50,PAL02313,7.55,7.55,-,-,-,-,-,-,-,-,-,-,<2,0.04,<3,24,<0.5,<5,>15,<1,<1,<1,1.4,0.01,0.02,0.6,18,0.30,7,<1,0.03,<1,<0.01,<2,>5,<5,<0.5,<10,3198,<0.01,<2,<10,<0.5,3,<0.5,-,-
Tannenberg,TR2600302,10-Feb-26,23-Feb-26,,PAL02314,Core,Drill Core,Drillhole,TR2600302     67              376,10-Feb-26,23-Feb-26,TR2600302,TR2600302     67              376,,1.78,1.78,1.78,,,,,,,,,,,<2,ICP40B,2,10,0.45,ICP40B,0.01,15,<3,ICP40B,3,10000,14,ICP40B,1,10000,<0.5,ICP40B,0.5,2500,<5,ICP40B,5,10000,>15,ICP40B,0.01,15,<1,ICP40B,1,10000,<1,ICP40B,1,10000,1,ICP40B,1,10000,0.9,ICP40B,0.5,10000,0.45,ICP40B,0.01,15,0.13,ICP40B,0.01,15,3.2,ICP40B,0.5,10000,3,ICP40B,1,10000,12.2,ICP40B,0.01,15,603,ICP40B,2,10000,<1,ICP40B,1,10000,0.03,ICP40B,0.01,15,<1,ICP40B,1,10000,<0.01,ICP40B,0.01,15,<2,ICP40B,2,10000,0.07,ICP40B,0.01,5,<5,ICP40B,5,10000,<0.5,ICP40B,0.5,10000,<10,ICP40B,10,10000,34.7,ICP40B,0.5,5000,<0.01,ICP40B,0.01,15,<2,ICP40B,2,10000,<10,ICP40B,10,10000,2.9,ICP40B,0.5,10000,30,ICP40B,1,10000,9.0,ICP40B,0.5,10000,,AAS42S,5,500,,AAS42S,0.001,50,PAL02314,1.78,1.78,-,-,-,-,-,-,-,-,-,-,<2,0.45,<3,14,<0.5,<5,>15,<1,<1,1,0.9,0.45,0.13,3.2,3,12.2,603,<1,0.03,<1,<0.01,<2,0.07,<5,<0.5,<10,34.7,<0.01,<2,<10,2.9,30,9.0,-,-
Tannenberg,TR2600302,10-Feb-26,23-Feb-26,,PAL02315,Core,Drill Core,Drillhole,TR2600302     67              376,10-Feb-26,23-Feb-26,TR2600302,TR2600302     67              376,,6.91,6.91,6.91,,,,,,,,,,,<2,ICP40B,2,10,0.01,ICP40B,0.01,15,<3,ICP40B,3,10000,<1,ICP40B,1,10000,<0.5,ICP40B,0.5,2500,<5,ICP40B,5,10000,>15,ICP40B,0.01,15,<1,ICP40B,1,10000,<1,ICP40B,1,10000,<1,ICP40B,1,10000,1.2,ICP40B,0.5,10000,<0.01,ICP40B,0.01,15,<0.01,ICP40B,0.01,15,0.8,ICP40B,0.5,10000,8,ICP40B,1,10000,0.21,ICP40B,0.01,15,5,ICP40B,2,10000,<1,ICP40B,1,10000,0.01,ICP40B,0.01,15,<1,ICP40B,1,10000,<0.01,ICP40B,0.01,15,<2,ICP40B,2,10000,>5,ICP40B,0.01,5,<5,ICP40B,5,10000,<0.5,ICP40B,0.5,10000,<10,ICP40B,10,10000,1426,ICP40B,0.5,5000,<0.01,ICP40B,0.01,15,<2,ICP40B,2,10000,<10,ICP40B,10,10000,<0.5,ICP40B,0.5,10000,2,ICP40B,1,10000,<0.5,ICP40B,0.5,10000,,AAS42S,5,500,,AAS42S,0.001,50,PAL02315,6.91,6.91,-,-,-,-,-,-,-,-,-,-,<2,0.01,<3,<1,<0.5,<5,>15,<1,<1,<1,1.2,<0.01,<0.01,0.8,8,0.21,5,<1,0.01,<1,<0.01,<2,>5,<5,<0.5,<10,1426,<0.01,<2,<10,<0.5,2,<0.5,-,-
Tannenberg,TR2600302,10-Feb-26,23-Feb-26,,PAL02316,Core,Drill Core,Drillhole,TR2600302     67              376,10-Feb-26,23-Feb-26,TR2600302,TR2600302     67              376,,5.11,5.11,5.11,,,,,,,,,,,<2,ICP40B,2,10,0.03,ICP40B,0.01,15,<3,ICP40B,3,10000,2,ICP40B,1,10000,<0.5,ICP40B,0.5,2500,<5,ICP40B,5,10000,>15,ICP40B,0.01,15,<1,ICP40B,1,10000,<1,ICP40B,1,10000,<1,ICP40B,1,10000,1.3,ICP40B,0.5,10000,0.01,ICP40B,0.01,15,0.02,ICP40B,0.01,15,0.7,ICP40B,0.5,10000,15,ICP40B,1,10000,0.42,ICP40B,0.01,15,8,ICP40B,2,10000,<1,ICP40B,1,10000,0.02,ICP40B,0.01,15,<1,ICP40B,1,10000,<0.01,ICP40B,0.01,15,<2,ICP40B,2,10000,>5,ICP40B,0.01,5,<5,ICP40B,5,10000,<0.5,ICP40B,0.5,10000,<10,ICP40B,10,10000,1090,ICP40B,0.5,5000,<0.01,ICP40B,0.01,15,<2,ICP40B,2,10000,<10,ICP40B,10,10000,<0.5,ICP40B,0.5,10000,3,ICP40B,1,10000,<0.5,ICP40B,0.5,10000,,AAS42S,5,500,,AAS42S,0.001,50,PAL02316,5.11,5.11,-,-,-,-,-,-,-,-,-,-,<2,0.03,<3,2,<0.5,<5,>15,<1,<1,<1,1.3,0.01,0.02,0.7,15,0.42,8,<1,0.02,<1,<0.01,<2,>5,<5,<0.5,<10,1090,<0.01,<2,<10,<0.5,3,<0.5,-,-
Tannenberg,TR2600302,10-Feb-26,23-Feb-26,,PAL02317,Core,Drill Core,Drillhole,TR2600302     67              376,10-Feb-26,23-Feb-26,TR2600302,TR2600302     67              376,,7.43,7.43,7.43,,,,,,,,,,,<2,ICP40B,2,10,0.02,ICP40B,0.01,15,<3,ICP40B,3,10000,1,ICP40B,1,10000,<0.5,ICP40B,0.5,2500,<5,ICP40B,5,10000,>15,ICP40B,0.01,15,<1,ICP40B,1,10000,<1,ICP40B,1,10000,<1,ICP40B,1,10000,1.5,ICP40B,0.5,10000,<0.01,ICP40B,0.01,15,<0.01,ICP40B,0.01,15,0.6,ICP40B,0.5,10000,6,ICP40B,1,10000,0.23,ICP40B,0.01,15,5,ICP40B,2,10000,<1,ICP40B,1,10000,0.02,ICP40B,0.01,15,<1,ICP40B,1,10000,<0.01,ICP40B,0.01,15,3,ICP40B,2,10000,>5,ICP40B,0.01,5,<5,ICP40B,5,10000,<0.5,ICP40B,0.5,10000,<10,ICP40B,10,10000,1041,ICP40B,0.5,5000,<0.01,ICP40B,0.01,15,<2,ICP40B,2,10000,<10,ICP40B,10,10000,<0.5,ICP40B,0.5,10000,3,ICP40B,1,10000,<0.5,ICP40B,0.5,10000,,AAS42S,5,500,,AAS42S,0.001,50,PAL02317,7.43,7.43,-,-,-,-,-,-,-,-,-,-,<2,0.02,<3,1,<0.5,<5,>15,<1,<1,<1,1.5,<0.01,<0.01,0.6,6,0.23,5,<1,0.02,<1,<0.01,3,>5,<5,<0.5,<10,1041,<0.01,<2,<10,<0.5,3,<0.5,-,-
Tannenberg,TR2600302,10-Feb-26,23-Feb-26,,PAL02318,Core,Drill Core,Drillhole,TR2600302     67              376,10-Feb-26,23-Feb-26,TR2600302,TR2600302     67              376,,6.35,6.35,6.35,,,,,,,,,,,<2,ICP40B,2,10,0.14,ICP40B,0.01,15,<3,ICP40B,3,10000,4,ICP40B,1,10000,<0.5,ICP40B,0.5,2500,<5,ICP40B,5,10000,>15,ICP40B,0.01,15,<1,ICP40B,1,10000,<1,ICP40B,1,10000,<1,ICP40B,1,10000,1.0,ICP40B,0.5,10000,0.03,ICP40B,0.01,15,<0.01,ICP40B,0.01,15,0.7,ICP40B,0.5,10000,6,ICP40B,1,10000,0.17,ICP40B,0.01,15,11,ICP40B,2,10000,<1,ICP40B,1,10000,0.02,ICP40B,0.01,15,<1,ICP40B,1,10000,<0.01,ICP40B,0.01,15,<2,ICP40B,2,10000,>5,ICP40B,0.01,5,<5,ICP40B,5,10000,<0.5,ICP40B,0.5,10000,<10,ICP40B,10,10000,918,ICP40B,0.5,5000,<0.01,ICP40B,0.01,15,<2,ICP40B,2,10000,<10,ICP40B,10,10000,<0.5,ICP40B,0.5,10000,4,ICP40B,1,10000,1.3,ICP40B,0.5,10000,,AAS42S,5,500,,AAS42S,0.001,50,PAL02318,6.35,6.35,-,-,-,-,-,-,-,-,-,-,<2,0.14,<3,4,<0.5,<5,>15,<1,<1,<1,1.0,0.03,<0.01,0.7,6,0.17,11,<1,0.02,<1,<0.01,<2,>5,<5,<0.5,<10,918,<0.01,<2,<10,<0.5,4,1.3,-,-
Tannenberg,TR2600302,10-Feb-26,23-Feb-26,,PAL02319,Core,Drill Core,Drillhole,TR2600302     67              376,10-Feb-26,23-Feb-26,TR2600302,TR2600302     67              376,,6.18,6.18,6.18,,,,,,,,,,,<2,ICP40B,2,10,<0.01,ICP40B,0.01,15,<3,ICP40B,3,10000,<1,ICP40B,1,10000,<0.5,ICP40B,0.5,2500,<5,ICP40B,5,10000,>15,ICP40B,0.01,15,<1,ICP40B,1,10000,<1,ICP40B,1,10000,<1,ICP40B,1,10000,<0.5,ICP40B,0.5,10000,<0.01,ICP40B,0.01,15,<0.01,ICP40B,0.01,15,0.5,ICP40B,0.5,10000,5,ICP40B,1,10000,0.11,ICP40B,0.01,15,<2,ICP40B,2,10000,<1,ICP40B,1,10000,0.02,ICP40B,0.01,15,<1,ICP40B,1,10000,<0.01,ICP40B,0.01,15,<2,ICP40B,2,10000,>5,ICP40B,0.01,5,<5,ICP40B,5,10000,<0.5,ICP40B,0.5,10000,<10,ICP40B,10,10000,713,ICP40B,0.5,5000,<0.01,ICP40B,0.01,15,<2,ICP40B,2,10000,<10,ICP40B,10,10000,<0.5,ICP40B,0.5,10000,1,ICP40B,1,10000,<0.5,ICP40B,0.5,10000,,AAS42S,5,500,,AAS42S,0.001,50,PAL02319,6.18,6.18,-,-,-,-,-,-,-,-,-,-,<2,<0.01,<3,<1,<0.5,<5,>15,<1,<1,<1,<0.5,<0.01,<0.01,0.5,5,0.11,<2,<1,0.02,<1,<0.01,<2,>5,<5,<0.5,<10,713,<0.01,<2,<10,<0.5,1,<0.5,-,-
Tannenberg,TR2600302,10-Feb-26,23-Feb-26,,PAL02320,Core,Drill Core,Drillhole,TR2600302     67              376,10-Feb-26,23-Feb-26,TR2600302,TR2600302     67              376,,4.16,4.16,4.16,,,,,,,,,,,<2,ICP40B,2,10,0.01,ICP40B,0.01,15,<3,ICP40B,3,10000,1,ICP40B,1,10000,<0.5,ICP40B,0.5,2500,<5,ICP40B,5,10000,>15,ICP40B,0.01,15,<1,ICP40B,1,10000,<1,ICP40B,1,10000,<1,ICP40B,1,10000,1.2,ICP40B,0.5,10000,<0.01,ICP40B,0.01,15,<0.01,ICP40B,0.01,15,<0.5,ICP40B,0.5,10000,9,ICP40B,1,10000,0.14,ICP40B,0.01,15,8,ICP40B,2,10000,<1,ICP40B,1,10000,0.02,ICP40B,0.01,15,<1,ICP40B,1,10000,<0.01,ICP40B,0.01,15,<2,ICP40B,2,10000,>5,ICP40B,0.01,5,<5,ICP40B,5,10000,<0.5,ICP40B,0.5,10000,<10,ICP40B,10,10000,767,ICP40B,0.5,5000,<0.01,ICP40B,0.01,15,<2,ICP40B,2,10000,<10,ICP40B,10,10000,<0.5,ICP40B,0.5,10000,2,ICP40B,1,10000,<0.5,ICP40B,0.5,10000,,AAS42S,5,500,,AAS42S,0.001,50,PAL02320,4.16,4.16,-,-,-,-,-,-,-,-,-,-,<2,0.01,<3,1,<0.5,<5,>15,<1,<1,<1,1.2,<0.01,<0.01,<0.5,9,0.14,8,<1,0.02,<1,<0.01,<2,>5,<5,<0.5,<10,767,<0.01,<2,<10,<0.5,2,<0.5,-,-
Tannenberg,TR2600302,10-Feb-26,23-Feb-26,,PAL02321,Core,Drill Core,Drillhole,TR2600302     67              376,10-Feb-26,23-Feb-26,TR2600302,TR2600302     67              376,,5.71,5.71,5.71,,,,,,,,,,,<2,ICP40B,2,10,0.01,ICP40B,0.01,15,<3,ICP40B,3,10000,1,ICP40B,1,10000,<0.5,ICP40B,0.5,2500,<5,ICP40B,5,10000,>15,ICP40B,0.01,15,<1,ICP40B,1,10000,<1,ICP40B,1,10000,<1,ICP40B,1,10000,0.7,ICP40B,0.5,10000,<0.01,ICP40B,0.01,15,<0.01,ICP40B,0.01,15,0.6,ICP40B,0.5,10000,8,ICP40B,1,10000,0.09,ICP40B,0.01,15,<2,ICP40B,2,10000,<1,ICP40B,1,10000,0.01,ICP40B,0.01,15,<1,ICP40B,1,10000,<0.01,ICP40B,0.01,15,<2,ICP40B,2,10000,>5,ICP40B,0.01,5,<5,ICP40B,5,10000,<0.5,ICP40B,0.5,10000,<10,ICP40B,10,10000,819,ICP40B,0.5,5000,<0.01,ICP40B,0.01,15,<2,ICP40B,2,10000,<10,ICP40B,10,10000,<0.5,ICP40B,0.5,10000,2,ICP40B,1,10000,<0.5,ICP40B,0.5,10000,,AAS42S,5,500,,AAS42S,0.001,50,PAL02321,5.71,5.71,-,-,-,-,-,-,-,-,-,-,<2,0.01,<3,1,<0.5,<5,>15,<1,<1,<1,0.7,<0.01,<0.01,0.6,8,0.09,<2,<1,0.01,<1,<0.01,<2,>5,<5,<0.5,<10,819,<0.01,<2,<10,<0.5,2,<0.5,-,-
Tannenberg,TR2600302,10-Feb-26,23-Feb-26,,PAL02322,Core,Drill Core,Drillhole,TR2600302     67              376,10-Feb-26,23-Feb-26,TR2600302,TR2600302     67              376,,4.37,4.37,4.37,500.0,78.20,21.80,391.0,109.0,20.0,87.00,13.00,17.4,2.6,<2,ICP40B,2,10,<0.01,ICP40B,0.01,15,<3,ICP40B,3,10000,5,ICP40B,1,10000,<0.5,ICP40B,0.5,2500,<5,ICP40B,5,10000,>15,ICP40B,0.01,15,<1,ICP40B,1,10000,<1,ICP40B,1,10000,<1,ICP40B,1,10000,0.9,ICP40B,0.5,10000,<0.01,ICP40B,0.01,15,<0.01,ICP40B,0.01,15,0.7,ICP40B,0.5,10000,11,ICP40B,1,10000,0.21,ICP40B,0.01,15,3,ICP40B,2,10000,<1,ICP40B,1,10000,0.02,ICP40B,0.01,15,<1,ICP40B,1,10000,<0.01,ICP40B,0.01,15,<2,ICP40B,2,10000,>5,ICP40B,0.01,5,<5,ICP40B,5,10000,<0.5,ICP40B,0.5,10000,<10,ICP40B,10,10000,1015,ICP40B,0.5,5000,<0.01,ICP40B,0.01,15,<2,ICP40B,2,10000,<10,ICP40B,10,10000,<0.5,ICP40B,0.5,10000,2,ICP40B,1,10000,<0.5,ICP40B,0.5,10000,,AAS42S,5,500,,AAS42S,0.001,50,PAL02322,4.37,4.37,500.0,78.20,21.80,391.0,109.0,20.0,87.00,13.00,17.4,2.6,<2,<0.01,<3,5,<0.5,<5,>15,<1,<1,<1,0.9,<0.01,<0.01,0.7,11,0.21,3,<1,0.02,<1,<0.01,<2,>5,<5,<0.5,<10,1015,<0.01,<2,<10,<0.5,2,<0.5,-,-
Tannenberg,TR2600302,10-Feb-26,23-Feb-26,,PAL02323,Core,Drill Core,Drillhole,TR2600302     67              376,10-Feb-26,23-Feb-26,TR2600302,TR2600302     67              376,,4.80,4.80,4.80,,,,,,,,,,,<2,ICP40B,2,10,<0.01,ICP40B,0.01,15,<3,ICP40B,3,10000,3,ICP40B,1,10000,<0.5,ICP40B,0.5,2500,<5,ICP40B,5,10000,>15,ICP40B,0.01,15,<1,ICP40B,1,10000,<1,ICP40B,1,10000,<1,ICP40B,1,10000,0.6,ICP40B,0.5,10000,<0.01,ICP40B,0.01,15,<0.01,ICP40B,0.01,15,0.5,ICP40B,0.5,10000,23,ICP40B,1,10000,0.37,ICP40B,0.01,15,3,ICP40B,2,10000,<1,ICP40B,1,10000,0.02,ICP40B,0.01,15,<1,ICP40B,1,10000,<0.01,ICP40B,0.01,15,<2,ICP40B,2,10000,>5,ICP40B,0.01,5,<5,ICP40B,5,10000,<0.5,ICP40B,0.5,10000,<10,ICP40B,10,10000,986,ICP40B,0.5,5000,<0.01,ICP40B,0.01,15,<2,ICP40B,2,10000,<10,ICP40B,10,10000,<0.5,ICP40B,0.5,10000,2,ICP40B,1,10000,<0.5,ICP40B,0.5,10000,,AAS42S,5,500,,AAS42S,0.001,50,PAL02323,4.80,4.80,-,-,-,-,-,-,-,-,-,-,<2,<0.01,<3,3,<0.5,<5,>15,<1,<1,<1,0.6,<0.01,<0.01,0.5,23,0.37,3,<1,0.02,<1,<0.01,<2,>5,<5,<0.5,<10,986,<0.01,<2,<10,<0.5,2,<0.5,-,-
Tannenberg,TR2600302,10-Feb-26,23-Feb-26,,PAL02324,Core,Drill Core,Drillhole,TR2600302     67              376,10-Feb-26,23-Feb-26,TR2600302,TR2600302     67              376,,0.00,0.00,0.00,,,,,,,,,,,<2,ICP40B,2,10,<0.01,ICP40B,0.01,15,<3,ICP40B,3,10000,2,ICP40B,1,10000,<0.5,ICP40B,0.5,2500,<5,ICP40B,5,10000,>15,ICP40B,0.01,15,<1,ICP40B,1,10000,<1,ICP40B,1,10000,<1,ICP40B,1,10000,0.6,ICP40B,0.5,10000,<0.01,ICP40B,0.01,15,<0.01,ICP40B,0.01,15,0.5,ICP40B,0.5,10000,22,ICP40B,1,10000,0.38,ICP40B,0.01,15,3,ICP40B,2,10000,<1,ICP40B,1,10000,0.02,ICP40B,0.01,15,<1,ICP40B,1,10000,<0.01,ICP40B,0.01,15,<2,ICP40B,2,10000,>5,ICP40B,0.01,5,<5,ICP40B,5,10000,<0.5,ICP40B,0.5,10000,<10,ICP40B,10,10000,920,ICP40B,0.5,5000,<0.01,ICP40B,0.01,15,<2,ICP40B,2,10000,<10,ICP40B,10,10000,<0.5,ICP40B,0.5,10000,2,ICP40B,1,10000,<0.5,ICP40B,0.5,10000,,AAS42S,5,500,,AAS42S,0.001,50,PAL02324,0.00,0.00,-,-,-,-,-,-,-,-,-,-,<2,<0.01,<3,2,<0.5,<5,>15,<1,<1,<1,0.6,<0.01,<0.01,0.5,22,0.38,3,<1,0.02,<1,<0.01,<2,>5,<5,<0.5,<10,920,<0.01,<2,<10,<0.5,2,<0.5,-,-
Tannenberg,TR2600302,10-Feb-26,23-Feb-26,,PAL02325,Core,Drill Core,Drillhole,TR2600302     67              376,10-Feb-26,23-Feb-26,TR2600302,TR2600302     67              376,,7.34,7.34,7.34,,,,,,,,,,,<2,ICP40B,2,10,0.02,ICP40B,0.01,15,<3,ICP40B,3,10000,2,ICP40B,1,10000,<0.5,ICP40B,0.5,2500,<5,ICP40B,5,10000,>15,ICP40B,0.01,15,<1,ICP40B,1,10000,<1,ICP40B,1,10000,<1,ICP40B,1,10000,1.5,ICP40B,0.5,10000,<0.01,ICP40B,0.01,15,<0.01,ICP40B,0.01,15,0.5,ICP40B,0.5,10000,11,ICP40B,1,10000,0.21,ICP40B,0.01,15,4,ICP40B,2,10000,<1,ICP40B,1,10000,0.02,ICP40B,0.01,15,<1,ICP40B,1,10000,<0.01,ICP40B,0.01,15,<2,ICP40B,2,10000,>5,ICP40B,0.01,5,<5,ICP40B,5,10000,<0.5,ICP40B,0.5,10000,<10,ICP40B,10,10000,894,ICP40B,0.5,5000,<0.01,ICP40B,0.01,15,<2,ICP40B,2,10000,<10,ICP40B,10,10000,<0.5,ICP40B,0.5,10000,3,ICP40B,1,10000,<0.5,ICP40B,0.5,10000,,AAS42S,5,500,,AAS42S,0.001,50,PAL02325,7.34,7.34,-,-,-,-,-,-,-,-,-,-,<2,0.02,<3,2,<0.5,<5,>15,<1,<1,<1,1.5,<0.01,<0.01,0.5,11,0.21,4,<1,0.02,<1,<0.01,<2,>5,<5,<0.5,<10,894,<0.01,<2,<10,<0.5,3,<0.5,-,-
Tannenberg,TR2600302,10-Feb-26,23-Feb-26,,PAL02326,Core,Drill Core,Drillhole,TR2600302     67              376,10-Feb-26,23-Feb-26,TR2600302,TR2600302     67              376,,6.30,6.30,6.30,,,,,,,,,,,<2,ICP40B,2,10,0.03,ICP40B,0.01,15,<3,ICP40B,3,10000,2,ICP40B,1,10000,<0.5,ICP40B,0.5,2500,<5,ICP40B,5,10000,>15,ICP40B,0.01,15,<1,ICP40B,1,10000,<1,ICP40B,1,10000,<1,ICP40B,1,10000,1.8,ICP40B,0.5,10000,<0.01,ICP40B,0.01,15,0.01,ICP40B,0.01,15,0.6,ICP40B,0.5,10000,14,ICP40B,1,10000,0.20,ICP40B,0.01,15,3,ICP40B,2,10000,<1,ICP40B,1,10000,0.02,ICP40B,0.01,15,<1,ICP40B,1,10000,<0.01,ICP40B,0.01,15,<2,ICP40B,2,10000,>5,ICP40B,0.01,5,<5,ICP40B,5,10000,<0.5,ICP40B,0.5,10000,<10,ICP40B,10,10000,1113,ICP40B,0.5,5000,<0.01,ICP40B,0.01,15,<2,ICP40B,2,10000,<10,ICP40B,10,10000,<0.5,ICP40B,0.5,10000,3,ICP40B,1,10000,<0.5,ICP40B,0.5,10000,,AAS42S,5,500,,AAS42S,0.001,50,PAL02326,6.30,6.30,-,-,-,-,-,-,-,-,-,-,<2,0.03,<3,2,<0.5,<5,>15,<1,<1,<1,1.8,<0.01,0.01,0.6,14,0.20,3,<1,0.02,<1,<0.01,<2,>5,<5,<0.5,<10,1113,<0.01,<2,<10,<0.5,3,<0.5,-,-
Tannenberg,TR2600302,10-Feb-26,23-Feb-26,,PAL02327,Core,Drill Core,Drillhole,TR2600302     67              376,10-Feb-26,23-Feb-26,TR2600302,TR2600302     67              376,,5.86,5.86,5.86,,,,,,,,,,,<2,ICP40B,2,10,0.01,ICP40B,0.01,15,<3,ICP40B,3,10000,8,ICP40B,1,10000,<0.5,ICP40B,0.5,2500,<5,ICP40B,5,10000,>15,ICP40B,0.01,15,<1,ICP40B,1,10000,<1,ICP40B,1,10000,<1,ICP40B,1,10000,1.6,ICP40B,0.5,10000,<0.01,ICP40B,0.01,15,0.02,ICP40B,0.01,15,0.6,ICP40B,0.5,10000,64,ICP40B,1,10000,0.48,ICP40B,0.01,15,5,ICP40B,2,10000,<1,ICP40B,1,10000,0.03,ICP40B,0.01,15,<1,ICP40B,1,10000,<0.01,ICP40B,0.01,15,<2,ICP40B,2,10000,>5,ICP40B,0.01,5,<5,ICP40B,5,10000,<0.5,ICP40B,0.5,10000,<10,ICP40B,10,10000,1515,ICP40B,0.5,5000,<0.01,ICP40B,0.01,15,<2,ICP40B,2,10000,<10,ICP40B,10,10000,<0.5,ICP40B,0.5,10000,3,ICP40B,1,10000,<0.5,ICP40B,0.5,10000,,AAS42S,5,500,,AAS42S,0.001,50,PAL02327,5.86,5.86,-,-,-,-,-,-,-,-,-,-,<2,0.01,<3,8,<0.5,<5,>15,<1,<1,<1,1.6,<0.01,0.02,0.6,64,0.48,5,<1,0.03,<1,<0.01,<2,>5,<5,<0.5,<10,1515,<0.01,<2,<10,<0.5,3,<0.5,-,-
Tannenberg,TR2600302,10-Feb-26,23-Feb-26,,PAL02328,Core,Drill Core,Drillhole,TR2600302     67              376,10-Feb-26,23-Feb-26,TR2600302,TR2600302     67              376,,5.07,5.07,5.07,,,,,,,,,,,<2,ICP40B,2,10,0.03,ICP40B,0.01,15,<3,ICP40B,3,10000,12,ICP40B,1,10000,<0.5,ICP40B,0.5,2500,<5,ICP40B,5,10000,>15,ICP40B,0.01,15,<1,ICP40B,1,10000,<1,ICP40B,1,10000,<1,ICP40B,1,10000,1.2,ICP40B,0.5,10000,<0.01,ICP40B,0.01,15,0.02,ICP40B,0.01,15,0.7,ICP40B,0.5,10000,71,ICP40B,1,10000,1.29,ICP40B,0.01,15,10,ICP40B,2,10000,<1,ICP40B,1,10000,0.03,ICP40B,0.01,15,<1,ICP40B,1,10000,<0.01,ICP40B,0.01,15,<2,ICP40B,2,10000,>5,ICP40B,0.01,5,<5,ICP40B,5,10000,<0.5,ICP40B,0.5,10000,<10,ICP40B,10,10000,1753,ICP40B,0.5,5000,<0.01,ICP40B,0.01,15,<2,ICP40B,2,10000,<10,ICP40B,10,10000,<0.5,ICP40B,0.5,10000,4,ICP40B,1,10000,<0.5,ICP40B,0.5,10000,,AAS42S,5,500,,AAS42S,0.001,50,PAL02328,5.07,5.07,-,-,-,-,-,-,-,-,-,-,<2,0.03,<3,12,<0.5,<5,>15,<1,<1,<1,1.2,<0.01,0.02,0.7,71,1.29,10,<1,0.03,<1,<0.01,<2,>5,<5,<0.5,<10,1753,<0.01,<2,<10,<0.5,4,<0.5,-,-
Tannenberg,TR2600302,10-Feb-26,23-Feb-26,,PAL02329,Core,Drill Core,Drillhole,TR2600302     67              376,10-Feb-26,23-Feb-26,TR2600302,TR2600302     67              376,,4.72,4.72,4.72,,,,,,,,,,,<2,ICP40B,2,10,0.03,ICP40B,0.01,15,<3,ICP40B,3,10000,7,ICP40B,1,10000,<0.5,ICP40B,0.5,2500,<5,ICP40B,5,10000,>15,ICP40B,0.01,15,<1,ICP40B,1,10000,<1,ICP40B,1,10000,<1,ICP40B,1,10000,3.1,ICP40B,0.5,10000,<0.01,ICP40B,0.01,15,0.02,ICP40B,0.01,15,0.5,ICP40B,0.5,10000,56,ICP40B,1,10000,1.51,ICP40B,0.01,15,13,ICP40B,2,10000,<1,ICP40B,1,10000,0.03,ICP40B,0.01,15,<1,ICP40B,1,10000,<0.01,ICP40B,0.01,15,3,ICP40B,2,10000,>5,ICP40B,0.01,5,<5,ICP40B,5,10000,<0.5,ICP40B,0.5,10000,<10,ICP40B,10,10000,2005,ICP40B,0.5,5000,<0.01,ICP40B,0.01,15,<2,ICP40B,2,10000,<10,ICP40B,10,10000,<0.5,ICP40B,0.5,10000,4,ICP40B,1,10000,<0.5,ICP40B,0.5,10000,,AAS42S,5,500,,AAS42S,0.001,50,PAL02329,4.72,4.72,-,-,-,-,-,-,-,-,-,-,<2,0.03,<3,7,<0.5,<5,>15,<1,<1,<1,3.1,<0.01,0.02,0.5,56,1.51,13,<1,0.03,<1,<0.01,3,>5,<5,<0.5,<10,2005,<0.01,<2,<10,<0.5,4,<0.5,-,-
Tannenberg,TR2600302,10-Feb-26,23-Feb-26,,PAL02330,Core,Drill Core,Drillhole,TR2600302     67              376,10-Feb-26,23-Feb-26,TR2600302,TR2600302     67              376,,6.41,6.41,6.41,,,,,,,,,,,<2,ICP40B,2,10,0.02,ICP40B,0.01,15,<3,ICP40B,3,10000,3,ICP40B,1,10000,<0.5,ICP40B,0.5,2500,<5,ICP40B,5,10000,>15,ICP40B,0.01,15,<1,ICP40B,1,10000,<1,ICP40B,1,10000,<1,ICP40B,1,10000,1.0,ICP40B,0.5,10000,0.02,ICP40B,0.01,15,<0.01,ICP40B,0.01,15,0.7,ICP40B,0.5,10000,15,ICP40B,1,10000,0.25,ICP40B,0.01,15,4,ICP40B,2,10000,<1,ICP40B,1,10000,0.02,ICP40B,0.01,15,<1,ICP40B,1,10000,<0.01,ICP40B,0.01,15,11,ICP40B,2,10000,>5,ICP40B,0.01,5,<5,ICP40B,5,10000,<0.5,ICP40B,0.5,10000,<10,ICP40B,10,10000,1090,ICP40B,0.5,5000,<0.01,ICP40B,0.01,15,<2,ICP40B,2,10000,<10,ICP40B,10,10000,<0.5,ICP40B,0.5,10000,3,ICP40B,1,10000,<0.5,ICP40B,0.5,10000,,AAS42S,5,500,,AAS42S,0.001,50,PAL02330,6.41,6.41,-,-,-,-,-,-,-,-,-,-,<2,0.02,<3,3,<0.5,<5,>15,<1,<1,<1,1.0,0.02,<0.01,0.7,15,0.25,4,<1,0.02,<1,<0.01,11,>5,<5,<0.5,<10,1090,<0.01,<2,<10,<0.5,3,<0.5,-,-
Tannenberg,TR2600302,10-Feb-26,23-Feb-26,,PAL02331,Core,Drill Core,Drillhole,TR2600302     67              376,10-Feb-26,23-Feb-26,TR2600302,TR2600302     67              376,,5.48,5.48,5.48,,,,,,,,,,,<2,ICP40B,2,10,<0.01,ICP40B,0.01,15,<3,ICP40B,3,10000,2,ICP40B,1,10000,<0.5,ICP40B,0.5,2500,<5,ICP40B,5,10000,14.9,ICP40B,0.01,15,<1,ICP40B,1,10000,<1,ICP40B,1,10000,<1,ICP40B,1,10000,1.9,ICP40B,0.5,10000,<0.01,ICP40B,0.01,15,<0.01,ICP40B,0.01,15,<0.5,ICP40B,0.5,10000,6,ICP40B,1,10000,0.17,ICP40B,0.01,15,6,ICP40B,2,10000,<1,ICP40B,1,10000,<0.01,ICP40B,0.01,15,<1,ICP40B,1,10000,<0.01,ICP40B,0.01,15,<2,ICP40B,2,10000,>5,ICP40B,0.01,5,<5,ICP40B,5,10000,<0.5,ICP40B,0.5,10000,<10,ICP40B,10,10000,646,ICP40B,0.5,5000,<0.01,ICP40B,0.01,15,<2,ICP40B,2,10000,<10,ICP40B,10,10000,<0.5,ICP40B,0.5,10000,3,ICP40B,1,10000,<0.5,ICP40B,0.5,10000,,AAS42S,5,500,,AAS42S,0.001,50,PAL02331,5.48,5.48,-,-,-,-,-,-,-,-,-,-,<2,<0.01,<3,2,<0.5,<5,14.9,<1,<1,<1,1.9,<0.01,<0.01,<0.5,6,0.17,6,<1,<0.01,<1,<0.01,<2,>5,<5,<0.5,<10,646,<0.01,<2,<10,<0.5,3,<0.5,-,-
Tannenberg,TR2600302,10-Feb-26,23-Feb-26,,*DUP-PAL02331,Core,Drill Core,Drillhole,TR2600302     67              376,10-Feb-26,23-Feb-26,TR2600302,TR2600302     67              376,,0.00,0.00,0.00,,,,,,,,,,,<2,ICP40B,2,10,0.01,ICP40B,0.01,15,<3,ICP40B,3,10000,2,ICP40B,1,10000,<0.5,ICP40B,0.5,2500,<5,ICP40B,5,10000,14.6,ICP40B,0.01,15,<1,ICP40B,1,10000,<1,ICP40B,1,10000,<1,ICP40B,1,10000,2.0,ICP40B,0.5,10000,<0.01,ICP40B,0.01,15,<0.01,ICP40B,0.01,15,<0.5,ICP40B,0.5,10000,7,ICP40B,1,10000,0.19,ICP40B,0.01,15,6,ICP40B,2,10000,<1,ICP40B,1,10000,0.01,ICP40B,0.01,15,<1,ICP40B,1,10000,<0.01,ICP40B,0.01,15,<2,ICP40B,2,10000,>5,ICP40B,0.01,5,<5,ICP40B,5,10000,<0.5,ICP40B,0.5,10000,<10,ICP40B,10,10000,679,ICP40B,0.5,5000,<0.01,ICP40B,0.01,15,<2,ICP40B,2,10000,<10,ICP40B,10,10000,<0.5,ICP40B,0.5,10000,3,ICP40B,1,10000,<0.5,ICP40B,0.5,10000,,AAS42S,5,500,,AAS42S,0.001,50,*DUP-PAL02331,0.00,0.00,-,-,-,-,-,-,-,-,-,-,<2,0.01,<3,2,<0.5,<5,14.6,<1,<1,<1,2.0,<0.01,<0.01,<0.5,7,0.19,6,<1,0.01,<1,<0.01,<2,>5,<5,<0.5,<10,679,<0.01,<2,<10,<0.5,3,<0.5,-,-
Tannenberg,TR2600302,10-Feb-26,23-Feb-26,,PAL02332,Core,Drill Core,Drillhole,TR2600302     67              376,10-Feb-26,23-Feb-26,TR2600302,TR2600302     67              376,,6.19,6.19,6.19,,,,,,,,,,,<2,ICP40B,2,10,0.06,ICP40B,0.01,15,<3,ICP40B,3,10000,17,ICP40B,1,10000,<0.5,ICP40B,0.5,2500,<5,ICP40B,5,10000,>15,ICP40B,0.01,15,<1,ICP40B,1,10000,<1,ICP40B,1,10000,<1,ICP40B,1,10000,2.3,ICP40B,0.5,10000,<0.01,ICP40B,0.01,15,0.01,ICP40B,0.01,15,0.6,ICP40B,0.5,10000,19,ICP40B,1,10000,0.42,ICP40B,0.01,15,7,ICP40B,2,10000,<1,ICP40B,1,10000,0.05,ICP40B,0.01,15,<1,ICP40B,1,10000,<0.01,ICP40B,0.01,15,<2,ICP40B,2,10000,>5,ICP40B,0.01,5,<5,ICP40B,5,10000,<0.5,ICP40B,0.5,10000,<10,ICP40B,10,10000,2367,ICP40B,0.5,5000,<0.01,ICP40B,0.01,15,<2,ICP40B,2,10000,<10,ICP40B,10,10000,<0.5,ICP40B,0.5,10000,3,ICP40B,1,10000,<0.5,ICP40B,0.5,10000,,AAS42S,5,500,,AAS42S,0.001,50,PAL02332,6.19,6.19,-,-,-,-,-,-,-,-,-,-,<2,0.06,<3,17,<0.5,<5,>15,<1,<1,<1,2.3,<0.01,0.01,0.6,19,0.42,7,<1,0.05,<1,<0.01,<2,>5,<5,<0.5,<10,2367,<0.01,<2,<10,<0.5,3,<0.5,-,-
Tannenberg,TR2600302,10-Feb-26,23-Feb-26,,PAL02333,Core,Drill Core,Drillhole,TR2600302     67              376,10-Feb-26,23-Feb-26,TR2600302,TR2600302     67              376,,4.02,4.02,4.02,,,,,,,,,,,<2,ICP40B,2,10,0.02,ICP40B,0.01,15,<3,ICP40B,3,10000,2,ICP40B,1,10000,<0.5,ICP40B,0.5,2500,<5,ICP40B,5,10000,>15,ICP40B,0.01,15,<1,ICP40B,1,10000,<1,ICP40B,1,10000,<1,ICP40B,1,10000,7.9,ICP40B,0.5,10000,<0.01,ICP40B,0.01,15,<0.01,ICP40B,0.01,15,0.8,ICP40B,0.5,10000,13,ICP40B,1,10000,0.30,ICP40B,0.01,15,6,ICP40B,2,10000,<1,ICP40B,1,10000,0.02,ICP40B,0.01,15,<1,ICP40B,1,10000,<0.01,ICP40B,0.01,15,<2,ICP40B,2,10000,>5,ICP40B,0.01,5,<5,ICP40B,5,10000,<0.5,ICP40B,0.5,10000,<10,ICP40B,10,10000,2253,ICP40B,0.5,5000,<0.01,ICP40B,0.01,15,<2,ICP40B,2,10000,<10,ICP40B,10,10000,<0.5,ICP40B,0.5,10000,3,ICP40B,1,10000,<0.5,ICP40B,0.5,10000,,AAS42S,5,500,,AAS42S,0.001,50,PAL02333,4.02,4.02,-,-,-,-,-,-,-,-,-,-,<2,0.02,<3,2,<0.5,<5,>15,<1,<1,<1,7.9,<0.01,<0.01,0.8,13,0.30,6,<1,0.02,<1,<0.01,<2,>5,<5,<0.5,<10,2253,<0.01,<2,<10,<0.5,3,<0.5,-,-
Tannenberg,TR2600302,10-Feb-26,23-Feb-26,,PAL02334,Core,Drill Core,Drillhole,TR2600302     67              376,10-Feb-26,23-Feb-26,TR2600302,TR2600302     67              376,,-,,,,,,,,,,,,,>10,ICP40B,2,10,5.24,ICP40B,0.01,15,180,ICP40B,3,10000,16,ICP40B,1,10000,1.1,ICP40B,0.5,2500,<5,ICP40B,5,10000,0.43,ICP40B,0.01,15,11,ICP40B,1,10000,3,ICP40B,1,10000,33,ICP40B,1,10000,>10000,ICP40B,0.5,10000,2.27,ICP40B,0.01,15,4.57,ICP40B,0.01,15,0.9,ICP40B,0.5,10000,9,ICP40B,1,10000,0.20,ICP40B,0.01,15,167,ICP40B,2,10000,187,ICP40B,1,10000,1.29,ICP40B,0.01,15,17,ICP40B,1,10000,0.05,ICP40B,0.01,15,1477,ICP40B,2,10000,1.35,ICP40B,0.01,5,<5,ICP40B,5,10000,2.3,ICP40B,0.5,10000,<10,ICP40B,10,10000,32.9,ICP40B,0.5,5000,0.07,ICP40B,0.01,15,17,ICP40B,2,10000,<10,ICP40B,10,10000,2.1,ICP40B,0.5,10000,2571,ICP40B,1,10000,15.2,ICP40B,0.5,10000,16,AAS42S,5,500,2.135,AAS42S,0.001,50,PAL02334,-,-,-,-,-,-,-,-,-,-,-,-,>10,5.24,180,16,1.1,<5,0.43,11,3,33,>10000,2.27,4.57,0.9,9,0.20,167,187,1.29,17,0.05,1477,1.35,<5,2.3,<10,32.9,0.07,17,<10,2.1,2571,15.2,16,2.135
Tannenberg,TR2600302,10-Feb-26,23-Feb-26,,PAL02335,Core,Drill Core,Drillhole,TR2600302     67              376,10-Feb-26,23-Feb-26,TR2600302,TR2600302     67              376,,6.81,6.81,6.81,,,,,,,,,,,<2,ICP40B,2,10,0.03,ICP40B,0.01,15,<3,ICP40B,3,10000,6,ICP40B,1,10000,<0.5,ICP40B,0.5,2500,<5,ICP40B,5,10000,>15,ICP40B,0.01,15,<1,ICP40B,1,10000,<1,ICP40B,1,10000,<1,ICP40B,1,10000,37.9,ICP40B,0.5,10000,0.01,ICP40B,0.01,15,0.02,ICP40B,0.01,15,0.7,ICP40B,0.5,10000,22,ICP40B,1,10000,0.36,ICP40B,0.01,15,6,ICP40B,2,10000,<1,ICP40B,1,10000,0.04,ICP40B,0.01,15,<1,ICP40B,1,10000,<0.01,ICP40B,0.01,15,7,ICP40B,2,10000,>5,ICP40B,0.01,5,<5,ICP40B,5,10000,<0.5,ICP40B,0.5,10000,<10,ICP40B,10,10000,2627,ICP40B,0.5,5000,<0.01,ICP40B,0.01,15,<2,ICP40B,2,10000,<10,ICP40B,10,10000,<0.5,ICP40B,0.5,10000,6,ICP40B,1,10000,0.5,ICP40B,0.5,10000,,AAS42S,5,500,,AAS42S,0.001,50,PAL02335,6.81,6.81,-,-,-,-,-,-,-,-,-,-,<2,0.03,<3,6,<0.5,<5,>15,<1,<1,<1,37.9,0.01,0.02,0.7,22,0.36,6,<1,0.04,<1,<0.01,7,>5,<5,<0.5,<10,2627,<0.01,<2,<10,<0.5,6,0.5,-,-
Tannenberg,TR2600302,10-Feb-26,23-Feb-26,,PAL02336,Core,Drill Core,Drillhole,TR2600302     67              376,10-Feb-26,23-Feb-26,TR2600302,TR2600302     67              376,,5.87,5.87,5.87,,,,,,,,,,,<2,ICP40B,2,10,0.05,ICP40B,0.01,15,<3,ICP40B,3,10000,21,ICP40B,1,10000,<0.5,ICP40B,0.5,2500,<5,ICP40B,5,10000,>15,ICP40B,0.01,15,<1,ICP40B,1,10000,<1,ICP40B,1,10000,<1,ICP40B,1,10000,5.7,ICP40B,0.5,10000,<0.01,ICP40B,0.01,15,<0.01,ICP40B,0.01,15,0.7,ICP40B,0.5,10000,15,ICP40B,1,10000,0.29,ICP40B,0.01,15,5,ICP40B,2,10000,<1,ICP40B,1,10000,0.05,ICP40B,0.01,15,<1,ICP40B,1,10000,<0.01,ICP40B,0.01,15,<2,ICP40B,2,10000,>5,ICP40B,0.01,5,<5,ICP40B,5,10000,<0.5,ICP40B,0.5,10000,<10,ICP40B,10,10000,2706,ICP40B,0.5,5000,<0.01,ICP40B,0.01,15,<2,ICP40B,2,10000,<10,ICP40B,10,10000,<0.5,ICP40B,0.5,10000,5,ICP40B,1,10000,<0.5,ICP40B,0.5,10000,,AAS42S,5,500,,AAS42S,0.001,50,PAL02336,5.87,5.87,-,-,-,-,-,-,-,-,-,-,<2,0.05,<3,21,<0.5,<5,>15,<1,<1,<1,5.7,<0.01,<0.01,0.7,15,0.29,5,<1,0.05,<1,<0.01,<2,>5,<5,<0.5,<10,2706,<0.01,<2,<10,<0.5,5,<0.5,-,-
Tannenberg,TR2600302,10-Feb-26,23-Feb-26,,PAL02337,Core,Drill Core,Drillhole,TR2600302     67              376,10-Feb-26,23-Feb-26,TR2600302,TR2600302     67              376,,7.13,7.13,7.13,,,,,,,,,,,<2,ICP40B,2,10,0.02,ICP40B,0.01,15,<3,ICP40B,3,10000,12,ICP40B,1,10000,<0.5,ICP40B,0.5,2500,<5,ICP40B,5,10000,>15,ICP40B,0.01,15,<1,ICP40B,1,10000,<1,ICP40B,1,10000,<1,ICP40B,1,10000,6.7,ICP40B,0.5,10000,<0.01,ICP40B,0.01,15,<0.01,ICP40B,0.01,15,0.8,ICP40B,0.5,10000,27,ICP40B,1,10000,0.38,ICP40B,0.01,15,4,ICP40B,2,10000,<1,ICP40B,1,10000,0.03,ICP40B,0.01,15,<1,ICP40B,1,10000,<0.01,ICP40B,0.01,15,<2,ICP40B,2,10000,>5,ICP40B,0.01,5,<5,ICP40B,5,10000,<0.5,ICP40B,0.5,10000,<10,ICP40B,10,10000,2837,ICP40B,0.5,5000,<0.01,ICP40B,0.01,15,<2,ICP40B,2,10000,<10,ICP40B,10,10000,<0.5,ICP40B,0.5,10000,3,ICP40B,1,10000,<0.5,ICP40B,0.5,10000,,AAS42S,5,500,,AAS42S,0.001,50,PAL02337,7.13,7.13,-,-,-,-,-,-,-,-,-,-,<2,0.02,<3,12,<0.5,<5,>15,<1,<1,<1,6.7,<0.01,<0.01,0.8,27,0.38,4,<1,0.03,<1,<0.01,<2,>5,<5,<0.5,<10,2837,<0.01,<2,<10,<0.5,3,<0.5,-,-
Tannenberg,TR2600302,10-Feb-26,23-Feb-26,,PAL02338,Core,Drill Core,Drillhole,TR2600302     67              376,10-Feb-26,23-Feb-26,TR2600302,TR2600302     67              376,,7.44,7.44,7.44,,,,,,,,,,,<2,ICP40B,2,10,0.09,ICP40B,0.01,15,<3,ICP40B,3,10000,23,ICP40B,1,10000,<0.5,ICP40B,0.5,2500,<5,ICP40B,5,10000,>15,ICP40B,0.01,15,<1,ICP40B,1,10000,<1,ICP40B,1,10000,<1,ICP40B,1,10000,6.6,ICP40B,0.5,10000,0.02,ICP40B,0.01,15,<0.01,ICP40B,0.01,15,0.9,ICP40B,0.5,10000,14,ICP40B,1,10000,0.24,ICP40B,0.01,15,7,ICP40B,2,10000,<1,ICP40B,1,10000,0.02,ICP40B,0.01,15,<1,ICP40B,1,10000,<0.01,ICP40B,0.01,15,<2,ICP40B,2,10000,>5,ICP40B,0.01,5,<5,ICP40B,5,10000,<0.5,ICP40B,0.5,10000,<10,ICP40B,10,10000,2182,ICP40B,0.5,5000,<0.01,ICP40B,0.01,15,<2,ICP40B,2,10000,<10,ICP40B,10,10000,<0.5,ICP40B,0.5,10000,4,ICP40B,1,10000,0.6,ICP40B,0.5,10000,,AAS42S,5,500,,AAS42S,0.001,50,PAL02338,7.44,7.44,-,-,-,-,-,-,-,-,-,-,<2,0.09,<3,23,<0.5,<5,>15,<1,<1,<1,6.6,0.02,<0.01,0.9,14,0.24,7,<1,0.02,<1,<0.01,<2,>5,<5,<0.5,<10,2182,<0.01,<2,<10,<0.5,4,0.6,-,-
Tannenberg,TR2600302,10-Feb-26,23-Feb-26,,PAL02339,Core,Drill Core,Drillhole,TR2600302     67              376,10-Feb-26,23-Feb-26,TR2600302,TR2600302     67              376,,5.47,5.47,5.47,,,,,,,,,,,<2,ICP40B,2,10,0.02,ICP40B,0.01,15,<3,ICP40B,3,10000,15,ICP40B,1,10000,<0.5,ICP40B,0.5,2500,<5,ICP40B,5,10000,>15,ICP40B,0.01,15,<1,ICP40B,1,10000,<1,ICP40B,1,10000,<1,ICP40B,1,10000,4.5,ICP40B,0.5,10000,<0.01,ICP40B,0.01,15,<0.01,ICP40B,0.01,15,0.7,ICP40B,0.5,10000,27,ICP40B,1,10000,0.69,ICP40B,0.01,15,13,ICP40B,2,10000,<1,ICP40B,1,10000,0.04,ICP40B,0.01,15,<1,ICP40B,1,10000,<0.01,ICP40B,0.01,15,<2,ICP40B,2,10000,>5,ICP40B,0.01,5,<5,ICP40B,5,10000,<0.5,ICP40B,0.5,10000,<10,ICP40B,10,10000,2691,ICP40B,0.5,5000,<0.01,ICP40B,0.01,15,<2,ICP40B,2,10000,<10,ICP40B,10,10000,<0.5,ICP40B,0.5,10000,3,ICP40B,1,10000,<0.5,ICP40B,0.5,10000,,AAS42S,5,500,,AAS42S,0.001,50,PAL02339,5.47,5.47,-,-,-,-,-,-,-,-,-,-,<2,0.02,<3,15,<0.5,<5,>15,<1,<1,<1,4.5,<0.01,<0.01,0.7,27,0.69,13,<1,0.04,<1,<0.01,<2,>5,<5,<0.5,<10,2691,<0.01,<2,<10,<0.5,3,<0.5,-,-
Tannenberg,TR2600302,10-Feb-26,23-Feb-26,,PAL02340,Core,Drill Core,Drillhole,TR2600302     67              376,10-Feb-26,23-Feb-26,TR2600302,TR2600302     67              376,,6.56,6.56,6.56,,,,,,,,,,,<2,ICP40B,2,10,0.04,ICP40B,0.01,15,<3,ICP40B,3,10000,5,ICP40B,1,10000,<0.5,ICP40B,0.5,2500,<5,ICP40B,5,10000,>15,ICP40B,0.01,15,<1,ICP40B,1,10000,<1,ICP40B,1,10000,<1,ICP40B,1,10000,1.6,ICP40B,0.5,10000,0.02,ICP40B,0.01,15,<0.01,ICP40B,0.01,15,0.7,ICP40B,0.5,10000,13,ICP40B,1,10000,0.52,ICP40B,0.01,15,10,ICP40B,2,10000,<1,ICP40B,1,10000,0.03,ICP40B,0.01,15,<1,ICP40B,1,10000,<0.01,ICP40B,0.01,15,<2,ICP40B,2,10000,>5,ICP40B,0.01,5,<5,ICP40B,5,10000,<0.5,ICP40B,0.5,10000,<10,ICP40B,10,10000,2080,ICP40B,0.5,5000,<0.01,ICP40B,0.01,15,<2,ICP40B,2,10000,<10,ICP40B,10,10000,<0.5,ICP40B,0.5,10000,5,ICP40B,1,10000,<0.5,ICP40B,0.5,10000,,AAS42S,5,500,,AAS42S,0.001,50,PAL02340,6.56,6.56,-,-,-,-,-,-,-,-,-,-,<2,0.04,<3,5,<0.5,<5,>15,<1,<1,<1,1.6,0.02,<0.01,0.7,13,0.52,10,<1,0.03,<1,<0.01,<2,>5,<5,<0.5,<10,2080,<0.01,<2,<10,<0.5,5,<0.5,-,-
Tannenberg,TR2600302,10-Feb-26,23-Feb-26,,PAL02341,Core,Drill Core,Drillhole,TR2600302     67              376,10-Feb-26,23-Feb-26,TR2600302,TR2600302     67              376,,6.76,6.76,6.76,,,,,,,,,,,<2,ICP40B,2,10,0.02,ICP40B,0.01,15,<3,ICP40B,3,10000,4,ICP40B,1,10000,<0.5,ICP40B,0.5,2500,<5,ICP40B,5,10000,>15,ICP40B,0.01,15,<1,ICP40B,1,10000,<1,ICP40B,1,10000,<1,ICP40B,1,10000,1.3,ICP40B,0.5,10000,<0.01,ICP40B,0.01,15,<0.01,ICP40B,0.01,15,0.7,ICP40B,0.5,10000,24,ICP40B,1,10000,0.73,ICP40B,0.01,15,8,ICP40B,2,10000,<1,ICP40B,1,10000,0.02,ICP40B,0.01,15,<1,ICP40B,1,10000,<0.01,ICP40B,0.01,15,3,ICP40B,2,10000,>5,ICP40B,0.01,5,<5,ICP40B,5,10000,<0.5,ICP40B,0.5,10000,<10,ICP40B,10,10000,1979,ICP40B,0.5,5000,<0.01,ICP40B,0.01,15,<2,ICP40B,2,10000,<10,ICP40B,10,10000,<0.5,ICP40B,0.5,10000,4,ICP40B,1,10000,0.6,ICP40B,0.5,10000,,AAS42S,5,500,,AAS42S,0.001,50,PAL02341,6.76,6.76,-,-,-,-,-,-,-,-,-,-,<2,0.02,<3,4,<0.5,<5,>15,<1,<1,<1,1.3,<0.01,<0.01,0.7,24,0.73,8,<1,0.02,<1,<0.01,3,>5,<5,<0.5,<10,1979,<0.01,<2,<10,<0.5,4,0.6,-,-
Tannenberg,TR2600302,10-Feb-26,23-Feb-26,,PAL02342,Core,Drill Core,Drillhole,TR2600302     67              376,10-Feb-26,23-Feb-26,TR2600302,TR2600302     67              376,,5.79,5.79,5.79,500.0,78.80,21.20,394.0,106.0,20.0,86.00,14.00,17.2,2.8,<2,ICP40B,2,10,<0.01,ICP40B,0.01,15,<3,ICP40B,3,10000,3,ICP40B,1,10000,<0.5,ICP40B,0.5,2500,<5,ICP40B,5,10000,>15,ICP40B,0.01,15,<1,ICP40B,1,10000,<1,ICP40B,1,10000,1,ICP40B,1,10000,0.8,ICP40B,0.5,10000,<0.01,ICP40B,0.01,15,<0.01,ICP40B,0.01,15,0.7,ICP40B,0.5,10000,28,ICP40B,1,10000,0.90,ICP40B,0.01,15,9,ICP40B,2,10000,<1,ICP40B,1,10000,0.02,ICP40B,0.01,15,<1,ICP40B,1,10000,<0.01,ICP40B,0.01,15,<2,ICP40B,2,10000,>5,ICP40B,0.01,5,<5,ICP40B,5,10000,<0.5,ICP40B,0.5,10000,<10,ICP40B,10,10000,2457,ICP40B,0.5,5000,<0.01,ICP40B,0.01,15,<2,ICP40B,2,10000,<10,ICP40B,10,10000,<0.5,ICP40B,0.5,10000,3,ICP40B,1,10000,<0.5,ICP40B,0.5,10000,,AAS42S,5,500,,AAS42S,0.001,50,PAL02342,5.79,5.79,500.0,78.80,21.20,394.0,106.0,20.0,86.00,14.00,17.2,2.8,<2,<0.01,<3,3,<0.5,<5,>15,<1,<1,1,0.8,<0.01,<0.01,0.7,28,0.90,9,<1,0.02,<1,<0.01,<2,>5,<5,<0.5,<10,2457,<0.01,<2,<10,<0.5,3,<0.5,-,-
Tannenberg,TR2600302,10-Feb-26,23-Feb-26,,PAL02343,Core,Drill Core,Drillhole,TR2600302     67              376,10-Feb-26,23-Feb-26,TR2600302,TR2600302     67              376,,5.72,5.72,5.72,,,,,,,,,,,<2,ICP40B,2,10,0.05,ICP40B,0.01,15,<3,ICP40B,3,10000,8,ICP40B,1,10000,<0.5,ICP40B,0.5,2500,<5,ICP40B,5,10000,>15,ICP40B,0.01,15,<1,ICP40B,1,10000,<1,ICP40B,1,10000,<1,ICP40B,1,10000,6.2,ICP40B,0.5,10000,0.02,ICP40B,0.01,15,0.02,ICP40B,0.01,15,0.9,ICP40B,0.5,10000,21,ICP40B,1,10000,0.61,ICP40B,0.01,15,8,ICP40B,2,10000,<1,ICP40B,1,10000,0.03,ICP40B,0.01,15,<1,ICP40B,1,10000,<0.01,ICP40B,0.01,15,<2,ICP40B,2,10000,>5,ICP40B,0.01,5,<5,ICP40B,5,10000,<0.5,ICP40B,0.5,10000,<10,ICP40B,10,10000,3794,ICP40B,0.5,5000,<0.01,ICP40B,0.01,15,<2,ICP40B,2,10000,<10,ICP40B,10,10000,<0.5,ICP40B,0.5,10000,3,ICP40B,1,10000,<0.5,ICP40B,0.5,10000,,AAS42S,5,500,,AAS42S,0.001,50,PAL02343,5.72,5.72,-,-,-,-,-,-,-,-,-,-,<2,0.05,<3,8,<0.5,<5,>15,<1,<1,<1,6.2,0.02,0.02,0.9,21,0.61,8,<1,0.03,<1,<0.01,<2,>5,<5,<0.5,<10,3794,<0.01,<2,<10,<0.5,3,<0.5,-,-
Tannenberg,TR2600302,10-Feb-26,23-Feb-26,,PAL02344,Core,Drill Core,Drillhole,TR2600302     67              376,10-Feb-26,23-Feb-26,TR2600302,TR2600302     67              376,,5.14,5.14,5.14,,,,,,,,,,,<2,ICP40B,2,10,0.02,ICP40B,0.01,15,<3,ICP40B,3,10000,5,ICP40B,1,10000,<0.5,ICP40B,0.5,2500,<5,ICP40B,5,10000,>15,ICP40B,0.01,15,<1,ICP40B,1,10000,<1,ICP40B,1,10000,<1,ICP40B,1,10000,3.7,ICP40B,0.5,10000,<0.01,ICP40B,0.01,15,0.01,ICP40B,0.01,15,0.9,ICP40B,0.5,10000,19,ICP40B,1,10000,0.27,ICP40B,0.01,15,4,ICP40B,2,10000,<1,ICP40B,1,10000,0.02,ICP40B,0.01,15,<1,ICP40B,1,10000,<0.01,ICP40B,0.01,15,<2,ICP40B,2,10000,>5,ICP40B,0.01,5,<5,ICP40B,5,10000,<0.5,ICP40B,0.5,10000,<10,ICP40B,10,10000,3914,ICP40B,0.5,5000,<0.01,ICP40B,0.01,15,<2,ICP40B,2,10000,<10,ICP40B,10,10000,<0.5,ICP40B,0.5,10000,3,ICP40B,1,10000,<0.5,ICP40B,0.5,10000,,AAS42S,5,500,,AAS42S,0.001,50,PAL02344,5.14,5.14,-,-,-,-,-,-,-,-,-,-,<2,0.02,<3,5,<0.5,<5,>15,<1,<1,<1,3.7,<0.01,0.01,0.9,19,0.27,4,<1,0.02,<1,<0.01,<2,>5,<5,<0.5,<10,3914,<0.01,<2,<10,<0.5,3,<0.5,-,-
Tannenberg,TR2600302,10-Feb-26,23-Feb-26,,*BLK-BLANK,Core,Drill Core,Drillhole,TR2600302     67              376,10-Feb-26,23-Feb-26,TR2600302,TR2600302     67              376,,-,,,,,,,,,,,,,,ICP40B,2,10,,ICP40B,0.01,15,,ICP40B,3,10000,,ICP40B,1,10000,,ICP40B,0.5,2500,,ICP40B,5,10000,,ICP40B,0.01,15,,ICP40B,1,10000,,ICP40B,1,10000,,ICP40B,1,10000,,ICP40B,0.5,10000,,ICP40B,0.01,15,,ICP40B,0.01,15,,ICP40B,0.5,10000,,ICP40B,1,10000,,ICP40B,0.01,15,,ICP40B,2,10000,,ICP40B,1,10000,,ICP40B,0.01,15,,ICP40B,1,10000,,ICP40B,0.01,15,,ICP40B,2,10000,,ICP40B,0.01,5,,ICP40B,5,10000,,ICP40B,0.5,10000,,ICP40B,10,10000,,ICP40B,0.5,5000,,ICP40B,0.01,15,,ICP40B,2,10000,,ICP40B,10,10000,,ICP40B,0.5,10000,,ICP40B,1,10000,,ICP40B,0.5,10000,<5,AAS42S,5,500,<0.001,AAS42S,0.001,50,*BLK-BLANK,-,-,-,-,-,-,-,-,-,-,-,-,-,-,-,-,-,-,-,-,-,-,-,-,-,-,-,-,-,-,-,-,-,-,-,-,-,-,-,-,-,-,-,-,-,<5,<0.001
Tannenberg,TR2600302,10-Feb-26,23-Feb-26,,*BLK-BLANK,Core,Drill Core,Drillhole,TR2600302     67              376,10-Feb-26,23-Feb-26,TR2600302,TR2600302     67              376,,-,,,,,,,,,,,,,<2,ICP40B,2,10,<0.01,ICP40B,0.01,15,<3,ICP40B,3,10000,<1,ICP40B,1,10000,<0.5,ICP40B,0.5,2500,<5,ICP40B,5,10000,<0.01,ICP40B,0.01,15,<1,ICP40B,1,10000,<1,ICP40B,1,10000,<1,ICP40B,1,10000,<0.5,ICP40B,0.5,10000,0.01,ICP40B,0.01,15,0.01,ICP40B,0.01,15,<0.5,ICP40B,0.5,10000,<1,ICP40B,1,10000,0.01,ICP40B,0.01,15,<2,ICP40B,2,10000,<1,ICP40B,1,10000,<0.01,ICP40B,0.01,15,<1,ICP40B,1,10000,<0.01,ICP40B,0.01,15,<2,ICP40B,2,10000,<0.01,ICP40B,0.01,5,<5,ICP40B,5,10000,<0.5,ICP40B,0.5,10000,<10,ICP40B,10,10000,<0.5,ICP40B,0.5,5000,<0.01,ICP40B,0.01,15,<2,ICP40B,2,10000,<10,ICP40B,10,10000,<0.5,ICP40B,0.5,10000,<1,ICP40B,1,10000,<0.5,ICP40B,0.5,10000,,AAS42S,5,500,,AAS42S,0.001,50,*BLK-BLANK,-,-,-,-,-,-,-,-,-,-,-,-,<2,<0.01,<3,<1,<0.5,<5,<0.01,<1,<1,<1,<0.5,0.01,0.01,<0.5,<1,0.01,<2,<1,<0.01,<1,<0.01,<2,<0.01,<5,<0.5,<10,<0.5,<0.01,<2,<10,<0.5,<1,<0.5,-,-
Tannenberg,TR2600302,10-Feb-26,23-Feb-26,,*STD-OREAS-211,Core,Drill Core,Drillhole,TR2600302     67              376,10-Feb-26,23-Feb-26,TR2600302,TR2600302     67              376,,-,,,,,,,,,,,,,<2,ICP40B,2,10,6.99,ICP40B,0.01,15,41,ICP40B,3,10000,178,ICP40B,1,10000,<0.5,ICP40B,0.5,2500,<5,ICP40B,5,10000,6.43,ICP40B,0.01,15,<1,ICP40B,1,10000,45,ICP40B,1,10000,94,ICP40B,1,10000,162,ICP40B,0.5,10000,8.40,ICP40B,0.01,15,0.41,ICP40B,0.01,15,5.2,ICP40B,0.5,10000,10,ICP40B,1,10000,3.64,ICP40B,0.01,15,1369,ICP40B,2,10000,1,ICP40B,1,10000,2.01,ICP40B,0.01,15,72,ICP40B,1,10000,0.05,ICP40B,0.01,15,17,ICP40B,2,10000,0.31,ICP40B,0.01,5,<5,ICP40B,5,10000,39.3,ICP40B,0.5,10000,<10,ICP40B,10,10000,124,ICP40B,0.5,5000,0.64,ICP40B,0.01,15,300,ICP40B,2,10000,19,ICP40B,10,10000,22.1,ICP40B,0.5,10000,117,ICP40B,1,10000,51.7,ICP40B,0.5,10000,,AAS42S,5,500,,AAS42S,0.001,50,*STD-OREAS-211,-,-,-,-,-,-,-,-,-,-,-,-,<2,6.99,41,178,<0.5,<5,6.43,<1,45,94,162,8.40,0.41,5.2,10,3.64,1369,1,2.01,72,0.05,17,0.31,<5,39.3,<10,124,0.64,300,19,22.1,117,51.7,-,-
Tannenberg,TR2600302,10-Feb-26,23-Feb-26,,*STD-OREAS-607,Core,Drill Core,Drillhole,TR2600302     67              376,10-Feb-26,23-Feb-26,TR2600302,TR2600302     67              376,,-,,,,,,,,,,,,,6,ICP40B,2,10,6.52,ICP40B,0.01,15,205,ICP40B,3,10000,2549,ICP40B,1,10000,2.3,ICP40B,0.5,2500,11,ICP40B,5,10000,0.52,ICP40B,0.01,15,2,ICP40B,1,10000,4,ICP40B,1,10000,25,ICP40B,1,10000,543,ICP40B,0.5,10000,1.64,ICP40B,0.01,15,3.06,ICP40B,0.01,15,38.2,ICP40B,0.5,10000,38,ICP40B,1,10000,0.33,ICP40B,0.01,15,92,ICP40B,2,10000,4,ICP40B,1,10000,1.59,ICP40B,0.01,15,14,ICP40B,1,10000,0.08,ICP40B,0.01,15,211,ICP40B,2,10000,1.03,ICP40B,0.01,5,29,ICP40B,5,10000,3.1,ICP40B,0.5,10000,<10,ICP40B,10,10000,212,ICP40B,0.5,5000,0.16,ICP40B,0.01,15,25,ICP40B,2,10000,<10,ICP40B,10,10000,11.0,ICP40B,0.5,10000,256,ICP40B,1,10000,60.1,ICP40B,0.5,10000,,AAS42S,5,500,,AAS42S,0.001,50,*STD-OREAS-607,-,-,-,-,-,-,-,-,-,-,-,-,6,6.52,205,2549,2.3,11,0.52,2,4,25,543,1.64,3.06,38.2,38,0.33,92,4,1.59,14,0.08,211,1.03,29,3.1,<10,212,0.16,25,<10,11.0,256,60.1,-,-
Tannenberg,TR2600302,10-Feb-26,23-Feb-26,,*STD-OREAS-601B,Core,Drill Core,Drillhole,TR2600302     67              376,10-Feb-26,23-Feb-26,TR2600302,TR2600302     67              376,,-,,,,,,,,,,,,,>10,ICP40B,2,10,6.98,ICP40B,0.01,15,288,ICP40B,3,10000,3998,ICP40B,1,10000,2.1,ICP40B,0.5,2500,17,ICP40B,5,10000,0.85,ICP40B,0.01,15,2,ICP40B,1,10000,3,ICP40B,1,10000,24,ICP40B,1,10000,1030,ICP40B,0.5,10000,2.19,ICP40B,0.01,15,2.43,ICP40B,0.01,15,31.9,ICP40B,0.5,10000,22,ICP40B,1,10000,0.10,ICP40B,0.01,15,208,ICP40B,2,10000,5,ICP40B,1,10000,1.92,ICP40B,0.01,15,6,ICP40B,1,10000,0.03,ICP40B,0.01,15,319,ICP40B,2,10000,1.45,ICP40B,0.01,5,23,ICP40B,5,10000,3.4,ICP40B,0.5,10000,<10,ICP40B,10,10000,230,ICP40B,0.5,5000,0.13,ICP40B,0.01,15,14,ICP40B,2,10000,<10,ICP40B,10,10000,10.7,ICP40B,0.5,10000,313,ICP40B,1,10000,174,ICP40B,0.5,10000,,AAS42S,5,500,,AAS42S,0.001,50,*STD-OREAS-601B,-,-,-,-,-,-,-,-,-,-,-,-,>10,6.98,288,3998,2.1,17,0.85,2,3,24,1030,2.19,2.43,31.9,22,0.10,208,5,1.92,6,0.03,319,1.45,23,3.4,<10,230,0.13,14,<10,10.7,313,174,-,-
Tannenberg,TR2600302,10-Feb-26,23-Feb-26,,*BLK-BLANK,Core,Drill Core,Drillhole,TR2600302     67              376,10-Feb-26,23-Feb-26,TR2600302,TR2600302     67              376,,-,,,,,,,,,,,,,<2,ICP40B,2,10,<0.01,ICP40B,0.01,15,<3,ICP40B,3,10000,<1,ICP40B,1,10000,<0.5,ICP40B,0.5,2500,<5,ICP40B,5,10000,0.01,ICP40B,0.01,15,<1,ICP40B,1,10000,<1,ICP40B,1,10000,<1,ICP40B,1,10000,<0.5,ICP40B,0.5,10000,<0.01,ICP40B,0.01,15,<0.01,ICP40B,0.01,15,<0.5,ICP40B,0.5,10000,<1,ICP40B,1,10000,<0.01,ICP40B,0.01,15,<2,ICP40B,2,10000,<1,ICP40B,1,10000,0.01,ICP40B,0.01,15,<1,ICP40B,1,10000,<0.01,ICP40B,0.01,15,<2,ICP40B,2,10000,0.01,ICP40B,0.01,5,<5,ICP40B,5,10000,<0.5,ICP40B,0.5,10000,<10,ICP40B,10,10000,<0.5,ICP40B,0.5,5000,<0.01,ICP40B,0.01,15,<2,ICP40B,2,10000,<10,ICP40B,10,10000,<0.5,ICP40B,0.5,10000,<1,ICP40B,1,10000,<0.5,ICP40B,0.5,10000,,AAS42S,5,500,,AAS42S,0.001,50,*BLK-BLANK,-,-,-,-,-,-,-,-,-,-,-,-,<2,<0.01,<3,<1,<0.5,<5,0.01,<1,<1,<1,<0.5,<0.01,<0.01,<0.5,<1,<0.01,<2,<1,0.01,<1,<0.01,<2,0.01,<5,<0.5,<10,<0.5,<0.01,<2,<10,<0.5,<1,<0.5,-,-
Tannenberg,TR2600302,10-Feb-26,23-Feb-26,,*REP-PAL02339,Core,Drill Core,Drillhole,TR2600302     67              376,10-Feb-26,23-Feb-26,TR2600302,TR2600302     67              376,,-,,,,,,,,,,,,,<2,ICP40B,2,10,0.02,ICP40B,0.01,15,<3,ICP40B,3,10000,15,ICP40B,1,10000,<0.5,ICP40B,0.5,2500,<5,ICP40B,5,10000,>15,ICP40B,0.01,15,<1,ICP40B,1,10000,<1,ICP40B,1,10000,<1,ICP40B,1,10000,4.2,ICP40B,0.5,10000,<0.01,ICP40B,0.01,15,<0.01,ICP40B,0.01,15,0.7,ICP40B,0.5,10000,26,ICP40B,1,10000,0.64,ICP40B,0.01,15,12,ICP40B,2,10000,<1,ICP40B,1,10000,0.03,ICP40B,0.01,15,<1,ICP40B,1,10000,<0.01,ICP40B,0.01,15,<2,ICP40B,2,10000,>5,ICP40B,0.01,5,<5,ICP40B,5,10000,<0.5,ICP40B,0.5,10000,<10,ICP40B,10,10000,2694,ICP40B,0.5,5000,<0.01,ICP40B,0.01,15,<2,ICP40B,2,10000,<10,ICP40B,10,10000,<0.5,ICP40B,0.5,10000,3,ICP40B,1,10000,<0.5,ICP40B,0.5,10000,,AAS42S,5,500,,AAS42S,0.001,50,*REP-PAL02339,-,-,-,-,-,-,-,-,-,-,-,-,<2,0.02,<3,15,<0.5,<5,>15,<1,<1,<1,4.2,<0.01,<0.01,0.7,26,0.64,12,<1,0.03,<1,<0.01,<2,>5,<5,<0.5,<10,2694,<0.01,<2,<10,<0.5,3,<0.5,-,-
Tannenberg,TR2600302,10-Feb-26,23-Feb-26,,*STD-OREAS-925,Core,Drill Core,Drillhole,TR2600302     67              376,10-Feb-26,23-Feb-26,TR2600302,TR2600302     67              376,,-,,,,,,,,,,,,,2,ICP40B,2,10,7.11,ICP40B,0.01,15,10,ICP40B,3,10000,410,ICP40B,1,10000,2.2,ICP40B,0.5,2500,29,ICP40B,5,10000,0.47,ICP40B,0.01,15,<1,ICP40B,1,10000,25,ICP40B,1,10000,67,ICP40B,1,10000,6065,ICP40B,0.5,10000,6.68,ICP40B,0.01,15,2.43,ICP40B,0.01,15,39.4,ICP40B,0.5,10000,32,ICP40B,1,10000,1.77,ICP40B,0.01,15,949,ICP40B,2,10000,<1,ICP40B,1,10000,0.28,ICP40B,0.01,15,34,ICP40B,1,10000,0.06,ICP40B,0.01,15,109,ICP40B,2,10000,0.99,ICP40B,0.01,5,<5,ICP40B,5,10000,12.3,ICP40B,0.5,10000,15,ICP40B,10,10000,36.3,ICP40B,0.5,5000,0.38,ICP40B,0.01,15,88,ICP40B,2,10000,<10,ICP40B,10,10000,23.6,ICP40B,0.5,10000,429,ICP40B,1,10000,104,ICP40B,0.5,10000,,AAS42S,5,500,,AAS42S,0.001,50,*STD-OREAS-925,-,-,-,-,-,-,-,-,-,-,-,-,2,7.11,10,410,2.2,29,0.47,<1,25,67,6065,6.68,2.43,39.4,32,1.77,949,<1,0.28,34,0.06,109,0.99,<5,12.3,15,36.3,0.38,88,<10,23.6,429,104,-,-
Tannenberg,TR2600302,10-Feb-26,23-Feb-26,,*STD-OREAS-133A,Core,Drill Core,Drillhole,TR2600302     67              376,10-Feb-26,23-Feb-26,TR2600302,TR2600302     67              376,,-,,,,,,,,,,,,,,ICP40B,2,10,,ICP40B,0.01,15,,ICP40B,3,10000,,ICP40B,1,10000,,ICP40B,0.5,2500,,ICP40B,5,10000,,ICP40B,0.01,15,,ICP40B,1,10000,,ICP40B,1,10000,,ICP40B,1,10000,,ICP40B,0.5,10000,,ICP40B,0.01,15,,ICP40B,0.01,15,,ICP40B,0.5,10000,,ICP40B,1,10000,,ICP40B,0.01,15,,ICP40B,2,10000,,ICP40B,1,10000,,ICP40B,0.01,15,,ICP40B,1,10000,,ICP40B,0.01,15,,ICP40B,2,10000,,ICP40B,0.01,5,,ICP40B,5,10000,,ICP40B,0.5,10000,,ICP40B,10,10000,,ICP40B,0.5,5000,,ICP40B,0.01,15,,ICP40B,2,10000,,ICP40B,10,10000,,ICP40B,0.5,10000,,ICP40B,1,10000,,ICP40B,0.5,10000,,AAS42S,5,500,,AAS42S,0.001,50,*STD-OREAS-133A,-,-,-,-,-,-,-,-,-,-,-,-,-,-,-,-,-,-,-,-,-,-,-,-,-,-,-,-,-,-,-,-,-,-,-,-,-,-,-,-,-,-,-,-,-,-,-
Tannenberg,TR2600302,10-Feb-26,23-Feb-26,,*STD-OREAS-135B,Core,Drill Core,Drillhole,TR2600302     67              376,10-Feb-26,23-Feb-26,TR2600302,TR2600302     67              376,,-,,,,,,,,,,,,,,ICP40B,2,10,,ICP40B,0.01,15,,ICP40B,3,10000,,ICP40B,1,10000,,ICP40B,0.5,2500,,ICP40B,5,10000,,ICP40B,0.01,15,,ICP40B,1,10000,,ICP40B,1,10000,,ICP40B,1,10000,,ICP40B,0.5,10000,,ICP40B,0.01,15,,ICP40B,0.01,15,,ICP40B,0.5,10000,,ICP40B,1,10000,,ICP40B,0.01,15,,ICP40B,2,10000,,ICP40B,1,10000,,ICP40B,0.01,15,,ICP40B,1,10000,,ICP40B,0.01,15,,ICP40B,2,10000,,ICP40B,0.01,5,,ICP40B,5,10000,,ICP40B,0.5,10000,,ICP40B,10,10000,,ICP40B,0.5,5000,,ICP40B,0.01,15,,ICP40B,2,10000,,ICP40B,10,10000,,ICP40B,0.5,10000,,ICP40B,1,10000,,ICP40B,0.5,10000,,AAS42S,5,500,,AAS42S,0.001,50,*STD-OREAS-135B,-,-,-,-,-,-,-,-,-,-,-,-,-,-,-,-,-,-,-,-,-,-,-,-,-,-,-,-,-,-,-,-,-,-,-,-,-,-,-,-,-,-,-,-,-,-,-
Tannenberg,TR2600302,10-Feb-26,23-Feb-26,,*STD-OREAS-317,Core,Drill Core,Drillhole,TR2600302     67              376,10-Feb-26,23-Feb-26,TR2600302,TR2600302     67              376,,-,,,,,,,,,,,,,,ICP40B,2,10,,ICP40B,0.01,15,,ICP40B,3,10000,,ICP40B,1,10000,,ICP40B,0.5,2500,,ICP40B,5,10000,,ICP40B,0.01,15,,ICP40B,1,10000,,ICP40B,1,10000,,ICP40B,1,10000,,ICP40B,0.5,10000,,ICP40B,0.01,15,,ICP40B,0.01,15,,ICP40B,0.5,10000,,ICP40B,1,10000,,ICP40B,0.01,15,,ICP40B,2,10000,,ICP40B,1,10000,,ICP40B,0.01,15,,ICP40B,1,10000,,ICP40B,0.01,15,,ICP40B,2,10000,,ICP40B,0.01,5,,ICP40B,5,10000,,ICP40B,0.5,10000,,ICP40B,10,10000,,ICP40B,0.5,5000,,ICP40B,0.01,15,,ICP40B,2,10000,,ICP40B,10,10000,,ICP40B,0.5,10000,,ICP40B,1,10000,,ICP40B,0.5,10000,,AAS42S,5,500,,AAS42S,0.001,50,*STD-OREAS-317,-,-,-,-,-,-,-,-,-,-,-,-,-,-,-,-,-,-,-,-,-,-,-,-,-,-,-,-,-,-,-,-,-,-,-,-,-,-,-,-,-,-,-,-,-,-,-
Tannenberg,TR2600302,10-Feb-26,23-Feb-26,,*BLK-BLANK,Core,Drill Core,Drillhole,TR2600302     67              376,10-Feb-26,23-Feb-26,TR2600302,TR2600302     67              376,,-,,,,,,,,,,,,,,ICP40B,2,10,,ICP40B,0.01,15,,ICP40B,3,10000,,ICP40B,1,10000,,ICP40B,0.5,2500,,ICP40B,5,10000,,ICP40B,0.01,15,,ICP40B,1,10000,,ICP40B,1,10000,,ICP40B,1,10000,,ICP40B,0.5,10000,,ICP40B,0.01,15,,ICP40B,0.01,15,,ICP40B,0.5,10000,,ICP40B,1,10000,,ICP40B,0.01,15,,ICP40B,2,10000,,ICP40B,1,10000,,ICP40B,0.01,15,,ICP40B,1,10000,,ICP40B,0.01,15,,ICP40B,2,10000,,ICP40B,0.01,5,,ICP40B,5,10000,,ICP40B,0.5,10000,,ICP40B,10,10000,,ICP40B,0.5,5000,,ICP40B,0.01,15,,ICP40B,2,10000,,ICP40B,10,10000,,ICP40B,0.5,10000,,ICP40B,1,10000,,ICP40B,0.5,10000,,AAS42S,5,500,,AAS42S,0.001,50,*BLK-BLANK,-,-,-,-,-,-,-,-,-,-,-,-,-,-,-,-,-,-,-,-,-,-,-,-,-,-,-,-,-,-,-,-,-,-,-,-,-,-,-,-,-,-,-,-,-,-,-
Tannenberg,TR2600302,10-Feb-26,23-Feb-26,,*REP-PAL02339,Core,Drill Core,Drillhole,TR2600302     67              376,10-Feb-26,23-Feb-26,TR2600302,TR2600302     67              376,,-,,,,,,,,,,,,,,ICP40B,2,10,,ICP40B,0.01,15,,ICP40B,3,10000,,ICP40B,1,10000,,ICP40B,0.5,2500,,ICP40B,5,10000,,ICP40B,0.01,15,,ICP40B,1,10000,,ICP40B,1,10000,,ICP40B,1,10000,,ICP40B,0.5,10000,,ICP40B,0.01,15,,ICP40B,0.01,15,,ICP40B,0.5,10000,,ICP40B,1,10000,,ICP40B,0.01,15,,ICP40B,2,10000,,ICP40B,1,10000,,ICP40B,0.01,15,,ICP40B,1,10000,,ICP40B,0.01,15,,ICP40B,2,10000,,ICP40B,0.01,5,,ICP40B,5,10000,,ICP40B,0.5,10000,,ICP40B,10,10000,,ICP40B,0.5,5000,,ICP40B,0.01,15,,ICP40B,2,10000,,ICP40B,10,10000,,ICP40B,0.5,10000,,ICP40B,1,10000,,ICP40B,0.5,10000,,AAS42S,5,500,,AAS42S,0.001,50,*REP-PAL02339,-,-,-,-,-,-,-,-,-,-,-,-,-,-,-,-,-,-,-,-,-,-,-,-,-,-,-,-,-,-,-,-,-,-,-,-,-,-,-,-,-,-,-,-,-,-,-
Tannenberg,TR2600302,10-Feb-26,23-Feb-26,,*STD-OREAS-929,Core,Drill Core,Drillhole,TR2600302     67              376,10-Feb-26,23-Feb-26,TR2600302,TR2600302     67              376,,-,,,,,,,,,,,,,,ICP40B,2,10,,ICP40B,0.01,15,,ICP40B,3,10000,,ICP40B,1,10000,,ICP40B,0.5,2500,,ICP40B,5,10000,,ICP40B,0.01,15,,ICP40B,1,10000,,ICP40B,1,10000,,ICP40B,1,10000,,ICP40B,0.5,10000,,ICP40B,0.01,15,,ICP40B,0.01,15,,ICP40B,0.5,10000,,ICP40B,1,10000,,ICP40B,0.01,15,,ICP40B,2,10000,,ICP40B,1,10000,,ICP40B,0.01,15,,ICP40B,1,10000,,ICP40B,0.01,15,,ICP40B,2,10000,,ICP40B,0.01,5,,ICP40B,5,10000,,ICP40B,0.5,10000,,ICP40B,10,10000,,ICP40B,0.5,5000,,ICP40B,0.01,15,,ICP40B,2,10000,,ICP40B,10,10000,,ICP40B,0.5,10000,,ICP40B,1,10000,,ICP40B,0.5,10000,7,AAS42S,5,500,2.006,AAS42S,0.001,50,*STD-OREAS-929,-,-,-,-,-,-,-,-,-,-,-,-,-,-,-,-,-,-,-,-,-,-,-,-,-,-,-,-,-,-,-,-,-,-,-,-,-,-,-,-,-,-,-,-,-,7,2.006
Tannenberg,TR2600302,10-Feb-26,23-Feb-26,,*REP-PAL02316,Core,Drill Core,Drillhole,TR2600302     67              376,10-Feb-26,23-Feb-26,TR2600302,TR2600302     67              376,,-,,,,,,,,,,,,,,ICP40B,2,10,,ICP40B,0.01,15,,ICP40B,3,10000,,ICP40B,1,10000,,ICP40B,0.5,2500,,ICP40B,5,10000,,ICP40B,0.01,15,,ICP40B,1,10000,,ICP40B,1,10000,,ICP40B,1,10000,,ICP40B,0.5,10000,,ICP40B,0.01,15,,ICP40B,0.01,15,,ICP40B,0.5,10000,,ICP40B,1,10000,,ICP40B,0.01,15,,ICP40B,2,10000,,ICP40B,1,10000,,ICP40B,0.01,15,,ICP40B,1,10000,,ICP40B,0.01,15,,ICP40B,2,10000,,ICP40B,0.01,5,,ICP40B,5,10000,,ICP40B,0.5,10000,,ICP40B,10,10000,,ICP40B,0.5,5000,,ICP40B,0.01,15,,ICP40B,2,10000,,ICP40B,10,10000,,ICP40B,0.5,10000,,ICP40B,1,10000,,ICP40B,0.5,10000,,AAS42S,5,500,,AAS42S,0.001,50,*REP-PAL02316,-,-,-,-,-,-,-,-,-,-,-,-,-,-,-,-,-,-,-,-,-,-,-,-,-,-,-,-,-,-,-,-,-,-,-,-,-,-,-,-,-,-,-,-,-,-,-
Tannenberg,TR2600302,10-Feb-26,23-Feb-26,,*REP-PAL02316,Core,Drill Core,Drillhole,TR2600302     67              376,10-Feb-26,23-Feb-26,TR2600302,TR2600302     67              376,,-,,,,,,,,,,,,,<2,ICP40B,2,10,0.03,ICP40B,0.01,15,<3,ICP40B,3,10000,2,ICP40B,1,10000,<0.5,ICP40B,0.5,2500,<5,ICP40B,5,10000,>15,ICP40B,0.01,15,<1,ICP40B,1,10000,<1,ICP40B,1,10000,<1,ICP40B,1,10000,1.1,ICP40B,0.5,10000,0.01,ICP40B,0.01,15,0.02,ICP40B,0.01,15,0.7,ICP40B,0.5,10000,14,ICP40B,1,10000,0.42,ICP40B,0.01,15,8,ICP40B,2,10000,<1,ICP40B,1,10000,0.02,ICP40B,0.01,15,<1,ICP40B,1,10000,<0.01,ICP40B,0.01,15,<2,ICP40B,2,10000,>5,ICP40B,0.01,5,<5,ICP40B,5,10000,<0.5,ICP40B,0.5,10000,<10,ICP40B,10,10000,1055,ICP40B,0.5,5000,<0.01,ICP40B,0.01,15,<2,ICP40B,2,10000,<10,ICP40B,10,10000,<0.5,ICP40B,0.5,10000,3,ICP40B,1,10000,<0.5,ICP40B,0.5,10000,,AAS42S,5,500,,AAS42S,0.001,50,*REP-PAL02316,-,-,-,-,-,-,-,-,-,-,-,-,<2,0.03,<3,2,<0.5,<5,>15,<1,<1,<1,1.1,0.01,0.02,0.7,14,0.42,8,<1,0.02,<1,<0.01,<2,>5,<5,<0.5,<10,1055,<0.01,<2,<10,<0.5,3,<0.5,-,-
